title,type,genres,genre_subtags,language,country,prime_region,release_year,rating,vote_count,duration_value,duration_unit,num_episodes,age_rating,is_available
Hanna 963,Movie,Drama,Romance,French,Australia,UK,2012,6.0,47916,70,minutes,0,R,False
The Peripheral 549,Movie,Comedy,Adventure,Hindi,Germany,JP,2005,6.2,759172,125,minutes,0,R,False
The Marvelous Mrs. Maisel 274,TV Show,Action,Horror,German,Australia,US,2014,5.6,130822,5,seasons,87,G,False
Jack Ryan 291,TV Show,Thriller,Horror,French,Germany,DE,2005,6.1,814645,2,seasons,49,PG,False
The Terminal List 888,TV Show,Documentary,Horror,Spanish,China,JP,2017,6.1,384807,6,seasons,76,NC-17,True
The Wilds 5,TV Show,Action,Horror,Hindi,France,AU,2022,8.9,597082,10,seasons,66,R,True
Panic 666,TV Show,Thriller,Adventure,Spanish,Australia,DE,2004,5.8,488556,5,seasons,51,R,True
Homecoming 888,TV Show,Action,Horror,English,Germany,AU,2022,5.9,31708,4,seasons,100,PG-13,True
The Grand Tour 185,TV Show,Sci-Fi,Mystery,Hindi,France,JP,2005,5.8,805261,10,seasons,75,R,False
The Wheel of Time 968,Movie,Sci-Fi,Horror,English,Australia,UK,2011,8.4,770354,129,minutes,0,R,True
The Legend of Vox Machina 528,TV Show,Drama,Adventure,Spanish,USA,JP,2013,8.2,283294,5,seasons,12,NC-17,False
Tales from the Loop 205,Movie,Action,Mystery,Spanish,UK,JP,2010,7.8,185251,66,minutes,0,PG,False
Fleabag 810,Movie,Comedy,Horror,Spanish,France,DE,2006,5.4,422479,99,minutes,0,NC-17,False
The Peripheral 989,TV Show,Thriller,Mystery,Mandarin,Japan,UK,2013,8.0,142103,10,seasons,31,NC-17,False
Fleabag 557,TV Show,Horror,Horror,French,China,UK,2023,5.6,400312,7,seasons,33,R,True
The Tomorrow War 674,TV Show,Fantasy,Horror,English,Australia,US,2020,8.4,113044,4,seasons,83,R,True
Hunters 763,TV Show,Drama,Romance,German,France,AU,2009,6.2,842911,1,seasons,34,G,True
The Peripheral 452,Movie,Drama,Mystery,Mandarin,France,JP,2023,7.8,391700,88,minutes,0,PG-13,False
Hanna 27,TV Show,Drama,Adventure,Japanese,France,AU,2001,8.9,228356,7,seasons,81,R,False
The Grand Tour 822,TV Show,Thriller,Romance,Mandarin,India,AU,2020,5.9,157000,5,seasons,61,NC-17,True
Sound of Metal 869,Movie,Action,Mystery,Spanish,Japan,AU,2010,5.8,572333,146,minutes,0,NC-17,True
The Grand Tour 520,Movie,Horror,Horror,English,France,DE,2019,8.7,293784,122,minutes,0,PG-13,True
The Underground Railroad 267,Movie,Documentary,Adventure,English,China,DE,2017,7.3,899610,81,minutes,0,R,True
Borat Subsequent Moviefilm 741,TV Show,Action,Mystery,German,Canada,UK,2018,7.9,807202,10,seasons,28,NC-17,True
Utopia 422,Movie,Horror,Adventure,Japanese,USA,JP,2010,8.1,854670,149,minutes,0,PG-13,True
The Man in the High Castle 467,Movie,Drama,Mystery,French,France,US,2016,7.4,993295,178,minutes,0,PG-13,False
Them 970,Movie,Fantasy,Horror,German,Germany,DE,2009,6.9,667783,122,minutes,0,PG-13,False
Coming 2 America 88,TV Show,Fantasy,Horror,Hindi,France,US,2004,5.1,385881,1,seasons,24,PG-13,False
The Boys 67,Movie,Horror,Adventure,Mandarin,Canada,JP,2001,8.0,323891,116,minutes,0,PG,False
The Summer I Turned Pretty 836,TV Show,Documentary,Romance,English,USA,JP,2000,6.2,658664,5,seasons,44,PG-13,False
Coming 2 America 937,Movie,Documentary,Romance,French,India,US,2007,7.0,59046,107,minutes,0,R,True
Sound of Metal 962,Movie,Documentary,Mystery,English,USA,DE,2016,5.9,726469,93,minutes,0,R,True
Hunters 796,Movie,Documentary,Horror,German,UK,UK,2004,8.4,886444,104,minutes,0,PG,True
The Grand Tour 306,TV Show,Horror,Mystery,Mandarin,Japan,US,2001,7.0,395367,5,seasons,36,R,True
The Tomorrow War 521,TV Show,Thriller,Romance,English,UK,JP,2008,7.4,110249,1,seasons,72,NC-17,True
Upload 971,TV Show,Action,Adventure,French,France,JP,2007,7.4,742208,2,seasons,51,PG,False
The Tomorrow War 489,TV Show,Drama,Mystery,Hindi,Germany,DE,2016,8.7,922067,2,seasons,99,NC-17,True
The Grand Tour 370,TV Show,Romance,Adventure,English,France,AU,2012,6.4,4173,9,seasons,11,G,True
The Summer I Turned Pretty 656,Movie,Drama,Adventure,German,Germany,DE,2021,6.6,588703,124,minutes,0,PG,True
Reacher 298,TV Show,Comedy,Horror,French,USA,DE,2015,7.6,129807,2,seasons,55,NC-17,True
Hunters 609,TV Show,Romance,Horror,English,Australia,AU,2016,8.2,295120,6,seasons,63,G,True
Sound of Metal 633,TV Show,Thriller,Romance,German,Canada,DE,2008,8.4,348067,10,seasons,40,G,False
Utopia 481,Movie,Documentary,Romance,Mandarin,India,AU,2016,8.8,230653,61,minutes,0,G,True
Tom Clancy's Without Remorse 321,Movie,Drama,Romance,Japanese,Germany,UK,2007,8.6,906637,83,minutes,0,R,True
Tom Clancy's Without Remorse 749,TV Show,Sci-Fi,Mystery,Japanese,UK,DE,2008,6.6,996775,10,seasons,6,PG-13,False
The Grand Tour 808,TV Show,Sci-Fi,Horror,Hindi,UK,UK,2003,5.4,838331,4,seasons,52,G,False
Jack Ryan 589,Movie,Horror,Romance,Spanish,Japan,AU,2001,5.4,295090,110,minutes,0,R,False
Upload 647,Movie,Drama,Mystery,Hindi,China,US,2000,5.9,747167,81,minutes,0,R,False
One Night in Miami 728,TV Show,Drama,Romance,Spanish,China,UK,2016,5.8,446732,1,seasons,7,PG-13,True
The Grand Tour 493,TV Show,Drama,Horror,French,UK,JP,2023,6.1,682161,3,seasons,79,NC-17,True
Sound of Metal 755,TV Show,Comedy,Mystery,Mandarin,USA,DE,2010,6.8,898618,7,seasons,70,PG-13,True
Good Omens 771,Movie,Sci-Fi,Adventure,English,China,US,2023,5.7,50646,69,minutes,0,R,False
Good Omens 320,Movie,Thriller,Romance,Spanish,Canada,UK,2010,8.5,273154,74,minutes,0,PG,True
The Wheel of Time 510,TV Show,Drama,Adventure,Hindi,Japan,DE,2006,6.9,562712,7,seasons,84,NC-17,False
Them 128,Movie,Thriller,Romance,Hindi,UK,JP,2023,6.6,359574,105,minutes,0,R,True
Carnival Row 296,Movie,Action,Mystery,German,China,DE,2023,5.2,955844,166,minutes,0,G,True
The Grand Tour 803,TV Show,Sci-Fi,Adventure,English,USA,AU,2014,7.9,20052,5,seasons,48,NC-17,True
The Wilds 935,TV Show,Fantasy,Adventure,French,UK,JP,2009,7.8,291701,9,seasons,6,R,False
The Peripheral 791,Movie,Action,Horror,German,UK,UK,2000,6.6,954380,113,minutes,0,NC-17,False
The Lord of the Rings: The Rings of Power 626,Movie,Horror,Romance,Hindi,Australia,US,2011,6.8,376271,92,minutes,0,PG,False
The Lord of the Rings: The Rings of Power 537,Movie,Thriller,Horror,Japanese,USA,US,2016,8.4,19188,85,minutes,0,R,False
The Terminal List 130,Movie,Documentary,Mystery,Mandarin,Australia,US,2007,8.2,581362,81,minutes,0,G,True
Without Remorse 773,Movie,Romance,Horror,Hindi,Japan,JP,2014,6.5,864458,106,minutes,0,NC-17,False
The Legend of Vox Machina 961,TV Show,Thriller,Mystery,German,Japan,DE,2008,8.4,452381,6,seasons,93,PG-13,True
Tom Clancy's Without Remorse 372,Movie,Romance,Mystery,Hindi,India,US,2022,8.7,283665,150,minutes,0,NC-17,True
The Man in the High Castle 837,TV Show,Fantasy,Adventure,Mandarin,Germany,JP,2000,7.3,363361,4,seasons,9,PG-13,False
Without Remorse 130,Movie,Action,Romance,Spanish,France,AU,2021,7.3,225919,159,minutes,0,PG-13,True
The Tomorrow War 459,TV Show,Comedy,Mystery,Japanese,USA,UK,2005,7.6,192277,8,seasons,85,PG-13,True
The Tomorrow War 309,Movie,Horror,Romance,English,France,DE,2021,6.3,604718,179,minutes,0,PG,False
Coming 2 America 182,TV Show,Horror,Adventure,German,China,AU,2014,7.1,808343,2,seasons,88,R,True
Coming 2 America 903,TV Show,Documentary,Adventure,Spanish,China,AU,2012,6.8,663087,8,seasons,21,G,False
One Night in Miami 973,Movie,Documentary,Adventure,Spanish,Canada,UK,2004,6.6,705648,139,minutes,0,G,False
Hunters 605,Movie,Sci-Fi,Horror,Spanish,USA,US,2002,6.9,387457,159,minutes,0,PG-13,False
Borat Subsequent Moviefilm 56,TV Show,Comedy,Horror,Mandarin,Japan,DE,2008,6.4,851551,9,seasons,90,PG,False
Invincible 945,TV Show,Romance,Romance,Spanish,France,JP,2019,7.8,760575,10,seasons,86,PG-13,True
The Wilds 72,TV Show,Action,Romance,Hindi,USA,US,2007,6.7,484976,10,seasons,74,R,True
The Boys 803,Movie,Horror,Mystery,Spanish,Canada,JP,2009,8.3,833149,76,minutes,0,NC-17,False
Invincible 22,TV Show,Horror,Mystery,Mandarin,Germany,JP,2015,6.7,853608,7,seasons,58,NC-17,True
Bosch 727,TV Show,Documentary,Mystery,Spanish,USA,UK,2001,5.4,88909,2,seasons,82,NC-17,True
Hunters 344,TV Show,Comedy,Adventure,Japanese,India,DE,2008,5.9,465311,9,seasons,79,R,False
Bosch 90,Movie,Horror,Romance,Mandarin,Australia,AU,2002,7.1,597231,73,minutes,0,NC-17,False
Coming 2 America 224,Movie,Thriller,Mystery,Japanese,Germany,US,2001,5.5,520620,180,minutes,0,PG-13,True
Carnival Row 354,Movie,Horror,Horror,French,Japan,JP,2002,5.7,54183,75,minutes,0,PG,False
The Boys Presents: Diabolical 68,Movie,Thriller,Horror,English,Germany,US,2009,7.5,314015,146,minutes,0,R,True
The Grand Tour 771,TV Show,Documentary,Romance,English,USA,JP,2010,5.4,475067,1,seasons,16,PG-13,True
Jack Ryan 704,TV Show,Drama,Adventure,German,Canada,DE,2023,6.3,811106,4,seasons,62,NC-17,False
The Marvelous Mrs. Maisel 989,TV Show,Thriller,Horror,Spanish,Canada,AU,2018,5.3,854659,6,seasons,17,G,True
The Underground Railroad 780,TV Show,Documentary,Horror,Spanish,UK,DE,2020,5.1,219461,5,seasons,41,NC-17,False
The Man in the High Castle 74,Movie,Comedy,Romance,Japanese,USA,AU,2012,7.9,486432,88,minutes,0,G,True
Good Omens 634,TV Show,Thriller,Adventure,German,France,UK,2007,5.4,404703,10,seasons,55,NC-17,True
The Summer I Turned Pretty 305,TV Show,Sci-Fi,Mystery,English,India,AU,2004,8.2,288931,5,seasons,89,NC-17,False
Without Remorse 648,TV Show,Drama,Adventure,Japanese,USA,JP,2010,8.1,462403,5,seasons,59,R,False
Carnival Row 364,Movie,Action,Mystery,French,France,JP,2009,6.2,605897,167,minutes,0,G,True
The Tomorrow War 150,Movie,Horror,Romance,French,Germany,AU,2004,5.1,196156,176,minutes,0,G,False
The Tomorrow War 397,Movie,Action,Horror,English,Canada,US,2023,8.5,779015,63,minutes,0,PG-13,True
The Grand Tour 204,TV Show,Sci-Fi,Adventure,German,Canada,DE,2010,7.9,545405,10,seasons,53,NC-17,True
The Wilds 212,TV Show,Documentary,Horror,German,Germany,AU,2016,8.3,678241,1,seasons,55,PG-13,True
Hanna 297,Movie,Comedy,Adventure,French,USA,US,2001,8.6,840526,103,minutes,0,PG-13,False
The Terminal List 217,Movie,Fantasy,Romance,English,Germany,US,2011,5.4,717377,118,minutes,0,NC-17,False
The Expanse 562,Movie,Romance,Romance,Japanese,France,JP,2019,6.9,457957,102,minutes,0,R,True
Reacher 81,Movie,Romance,Romance,French,Canada,US,2011,5.4,125129,105,minutes,0,R,True
The Boys Presents: Diabolical 78,TV Show,Action,Mystery,German,Australia,AU,2023,6.3,804326,1,seasons,26,NC-17,False
The Expanse 657,Movie,Sci-Fi,Mystery,French,UK,AU,2005,6.9,391371,84,minutes,0,R,False
Carnival Row 925,TV Show,Drama,Adventure,Mandarin,USA,UK,2006,8.6,458477,2,seasons,63,PG-13,False
Coming 2 America 428,Movie,Sci-Fi,Romance,Hindi,Canada,UK,2016,8.2,770431,88,minutes,0,PG,True
Without Remorse 529,TV Show,Drama,Mystery,Hindi,India,DE,2002,5.9,274547,4,seasons,78,PG-13,True
The Summer I Turned Pretty 407,TV Show,Documentary,Horror,German,France,UK,2014,6.8,925001,10,seasons,21,PG,True
The Lord of the Rings: The Rings of Power 337,Movie,Documentary,Adventure,Japanese,China,UK,2008,8.4,967083,169,minutes,0,G,True
The Underground Railroad 425,TV Show,Comedy,Mystery,Japanese,UK,UK,2010,5.3,642316,7,seasons,85,PG-13,True
The Lord of the Rings: The Rings of Power 101,Movie,Comedy,Romance,Hindi,Canada,UK,2011,7.4,685229,105,minutes,0,PG,False
One Night in Miami 626,Movie,Comedy,Adventure,French,Germany,AU,2015,5.4,348491,180,minutes,0,PG-13,False
Invincible 590,TV Show,Comedy,Horror,Spanish,UK,UK,2015,6.0,872197,5,seasons,19,PG-13,True
The Wheel of Time 871,Movie,Fantasy,Mystery,Spanish,Australia,US,2000,6.4,336057,115,minutes,0,PG,True
Good Omens 109,TV Show,Sci-Fi,Romance,Hindi,USA,AU,2001,6.3,994643,8,seasons,11,PG-13,False
The Expanse 166,Movie,Documentary,Horror,English,India,AU,2023,7.5,608883,83,minutes,0,PG-13,False
Jack Ryan 499,TV Show,Romance,Adventure,Mandarin,China,AU,2014,8.9,187136,10,seasons,22,PG,True
Them 504,TV Show,Sci-Fi,Mystery,German,Canada,US,2003,5.7,6979,8,seasons,88,NC-17,True
Borat Subsequent Moviefilm 261,Movie,Horror,Adventure,Mandarin,France,AU,2005,8.8,842526,68,minutes,0,NC-17,True
The Marvelous Mrs. Maisel 953,Movie,Drama,Mystery,Spanish,UK,JP,2014,7.9,185436,106,minutes,0,R,False
Them 663,Movie,Horror,Mystery,German,Germany,DE,2023,8.9,390004,164,minutes,0,NC-17,False
The Legend of Vox Machina 516,TV Show,Drama,Horror,English,Canada,AU,2009,5.4,914264,1,seasons,96,G,False
Tales from the Loop 696,TV Show,Horror,Mystery,Hindi,Canada,UK,2004,5.0,356768,1,seasons,47,R,True
The Summer I Turned Pretty 745,TV Show,Thriller,Horror,Hindi,China,US,2018,7.4,271780,8,seasons,1,PG,True
Fleabag 590,TV Show,Thriller,Romance,Japanese,China,DE,2023,5.9,691145,4,seasons,28,PG,True
Panic 98,TV Show,Sci-Fi,Adventure,French,China,US,2000,8.6,736582,5,seasons,75,NC-17,False
Coming 2 America 299,Movie,Fantasy,Adventure,French,Australia,UK,2008,8.6,330241,180,minutes,0,PG,False
The Expanse 269,TV Show,Horror,Mystery,Japanese,Japan,US,2018,8.2,875924,6,seasons,96,R,False
The Terminal List 796,Movie,Comedy,Romance,English,UK,US,2004,5.1,65452,143,minutes,0,PG-13,False
Tom Clancy's Without Remorse 527,TV Show,Action,Romance,English,Japan,DE,2011,5.4,564990,4,seasons,81,PG-13,False
Without Remorse 909,TV Show,Thriller,Mystery,German,India,UK,2023,5.4,436294,7,seasons,93,R,False
Hunters 331,TV Show,Sci-Fi,Horror,English,Canada,UK,2004,7.0,291435,2,seasons,49,PG,False
Tom Clancy's Without Remorse 31,TV Show,Comedy,Horror,German,Australia,DE,2013,8.9,912667,1,seasons,27,NC-17,True
The Wheel of Time 150,Movie,Romance,Horror,Hindi,Canada,UK,2017,6.2,230819,72,minutes,0,PG-13,False
Outer Range 386,TV Show,Thriller,Romance,Hindi,USA,JP,2016,7.3,780829,6,seasons,22,NC-17,False
The Boys 108,TV Show,Drama,Adventure,Japanese,Canada,AU,2018,6.0,730660,2,seasons,37,PG-13,True
A League of Their Own 909,TV Show,Documentary,Adventure,German,UK,UK,2017,5.5,701141,4,seasons,97,R,True
Upload 268,Movie,Sci-Fi,Romance,Mandarin,Germany,DE,2004,6.8,214065,107,minutes,0,G,False
The Boys 352,Movie,Action,Adventure,Japanese,UK,US,2003,7.4,914683,109,minutes,0,NC-17,True
Outer Range 937,Movie,Thriller,Adventure,Hindi,China,UK,2012,6.2,820206,136,minutes,0,PG-13,False
The Boys Presents: Diabolical 170,TV Show,Drama,Horror,German,India,US,2004,5.3,429556,5,seasons,4,NC-17,False
The Summer I Turned Pretty 173,TV Show,Romance,Mystery,Spanish,China,JP,2002,5.0,578842,5,seasons,44,R,True
The Grand Tour 326,TV Show,Horror,Romance,English,France,UK,2003,7.2,525022,1,seasons,18,G,False
The Wilds 719,Movie,Drama,Adventure,Mandarin,USA,US,2006,7.8,349260,105,minutes,0,R,True
Jack Ryan 967,Movie,Thriller,Horror,French,India,UK,2019,7.5,349488,93,minutes,0,R,False
The Grand Tour 677,Movie,Comedy,Adventure,Hindi,France,US,2018,6.1,564748,173,minutes,0,PG-13,False
Invincible 587,TV Show,Horror,Romance,French,USA,JP,2002,5.6,398263,2,seasons,41,NC-17,False
The Marvelous Mrs. Maisel 44,Movie,Comedy,Adventure,German,Japan,US,2021,5.2,344156,111,minutes,0,PG,False
Panic 475,Movie,Romance,Adventure,Spanish,China,JP,2009,7.7,766597,172,minutes,0,R,False
Panic 559,TV Show,Sci-Fi,Mystery,German,China,UK,2015,6.5,512233,1,seasons,97,PG,False
Upload 153,TV Show,Sci-Fi,Mystery,German,France,JP,2022,8.6,265574,2,seasons,77,R,True
A League of Their Own 49,Movie,Sci-Fi,Romance,Japanese,China,DE,2013,8.4,617540,154,minutes,0,R,False
Hunters 138,Movie,Sci-Fi,Romance,Hindi,Japan,US,2019,6.9,503844,79,minutes,0,NC-17,False
The Legend of Vox Machina 138,Movie,Action,Horror,Japanese,France,AU,2012,6.5,782748,72,minutes,0,PG-13,False
The Wilds 327,TV Show,Action,Mystery,German,France,US,2011,6.4,188754,5,seasons,49,PG-13,False
The Grand Tour 41,TV Show,Romance,Mystery,Spanish,Canada,AU,2001,5.8,272437,7,seasons,48,NC-17,False
The Wilds 561,Movie,Comedy,Adventure,French,Australia,US,2006,5.0,293812,164,minutes,0,PG-13,True
One Night in Miami 415,Movie,Action,Mystery,German,France,AU,2006,6.9,673813,180,minutes,0,PG-13,False
Sound of Metal 128,TV Show,Drama,Horror,Spanish,USA,UK,2005,5.5,292884,5,seasons,41,PG,False
Jack Ryan 143,Movie,Drama,Mystery,German,Germany,UK,2005,8.4,965970,141,minutes,0,G,True
Upload 187,Movie,Action,Horror,English,Japan,JP,2014,5.0,820604,123,minutes,0,G,True
Borat Subsequent Moviefilm 120,TV Show,Thriller,Adventure,Mandarin,India,US,2013,6.2,534312,7,seasons,82,PG,True
The Expanse 124,Movie,Thriller,Romance,Spanish,India,DE,2017,6.5,670765,166,minutes,0,NC-17,False
Without Remorse 1,TV Show,Thriller,Adventure,French,Canada,DE,2009,7.0,615519,3,seasons,29,PG-13,True
Borat Subsequent Moviefilm 156,Movie,Drama,Mystery,Mandarin,India,DE,2003,8.0,373646,164,minutes,0,R,False
Tales from the Loop 762,Movie,Romance,Romance,Spanish,UK,DE,2009,8.8,721590,138,minutes,0,G,True
The Terminal List 241,Movie,Thriller,Adventure,Hindi,France,AU,2021,6.3,765720,69,minutes,0,PG,False
Hunters 811,Movie,Sci-Fi,Romance,English,India,UK,2000,8.3,365528,75,minutes,0,R,True
Them 839,Movie,Romance,Romance,Japanese,Japan,US,2010,7.3,792551,81,minutes,0,PG-13,False
The Man in the High Castle 145,Movie,Drama,Mystery,Japanese,China,DE,2012,7.6,139934,60,minutes,0,R,False
Utopia 518,TV Show,Action,Mystery,Spanish,USA,DE,2022,5.4,797788,5,seasons,2,PG-13,True
The Grand Tour 972,TV Show,Drama,Mystery,Japanese,UK,US,2020,7.8,877630,10,seasons,26,G,True
Carnival Row 129,Movie,Action,Horror,Hindi,USA,US,2021,8.3,127514,175,minutes,0,NC-17,True
Tom Clancy's Without Remorse 40,Movie,Thriller,Romance,Mandarin,China,DE,2016,6.0,883482,95,minutes,0,PG,False
Reacher 746,TV Show,Sci-Fi,Horror,Japanese,Germany,DE,2018,5.4,253248,1,seasons,51,G,True
Carnival Row 119,TV Show,Sci-Fi,Mystery,English,India,AU,2001,7.2,273507,3,seasons,86,PG,False
The Underground Railroad 503,Movie,Horror,Romance,German,India,UK,2021,5.5,180159,107,minutes,0,PG,True
The Wheel of Time 211,TV Show,Horror,Horror,Mandarin,Australia,AU,2022,7.9,965969,7,seasons,29,G,True
The Expanse 365,Movie,Romance,Adventure,Spanish,Japan,JP,2012,8.3,833923,148,minutes,0,G,True
The Peripheral 345,TV Show,Fantasy,Adventure,Mandarin,UK,UK,2020,7.2,807667,10,seasons,81,G,True
The Man in the High Castle 292,Movie,Horror,Adventure,French,France,JP,2003,5.8,205338,90,minutes,0,PG-13,False
Them 271,TV Show,Sci-Fi,Horror,German,India,US,2000,7.6,675394,2,seasons,50,R,False
The Man in the High Castle 359,TV Show,Action,Horror,French,India,DE,2020,7.7,281347,1,seasons,10,PG-13,False
Coming 2 America 250,Movie,Romance,Adventure,Hindi,China,UK,2014,8.9,261356,116,minutes,0,PG-13,False
Sound of Metal 833,Movie,Comedy,Adventure,English,Germany,JP,2019,7.5,786638,134,minutes,0,NC-17,True
The Grand Tour 561,TV Show,Romance,Horror,French,India,UK,2015,8.3,66695,4,seasons,50,NC-17,False
The Wilds 977,Movie,Drama,Romance,Japanese,France,UK,2023,5.8,343545,98,minutes,0,R,True
Coming 2 America 612,TV Show,Drama,Mystery,French,UK,JP,2020,5.9,24099,9,seasons,88,R,False
Hunters 198,TV Show,Fantasy,Adventure,German,USA,DE,2023,5.0,399704,7,seasons,87,PG-13,False
The Legend of Vox Machina 200,TV Show,Romance,Mystery,English,France,AU,2010,7.5,540849,5,seasons,18,G,False
Hanna 536,Movie,Romance,Horror,Hindi,India,AU,2023,6.0,454224,87,minutes,0,PG-13,True
Tales from the Loop 427,TV Show,Drama,Adventure,English,UK,UK,2010,7.7,116031,4,seasons,59,PG,True
The Wilds 677,TV Show,Comedy,Romance,Spanish,France,JP,2009,8.6,951346,10,seasons,90,R,False
Fleabag 783,TV Show,Horror,Adventure,Japanese,China,AU,2007,7.1,939939,2,seasons,17,NC-17,False
Tom Clancy's Without Remorse 296,TV Show,Comedy,Adventure,Hindi,Japan,UK,2018,6.1,110824,8,seasons,43,PG,False
Bosch 850,TV Show,Comedy,Adventure,Mandarin,UK,DE,2014,6.3,998679,8,seasons,61,NC-17,True
The Boys 44,TV Show,Comedy,Mystery,German,Japan,UK,2000,9.0,719174,3,seasons,95,R,True
Hunters 938,TV Show,Drama,Adventure,Mandarin,USA,DE,2005,8.8,61089,4,seasons,23,PG-13,False
Sound of Metal 993,Movie,Fantasy,Romance,French,Canada,DE,2006,8.4,600754,120,minutes,0,R,False
The Peripheral 425,Movie,Thriller,Romance,English,India,US,2007,5.1,366170,176,minutes,0,PG-13,False
Hunters 181,TV Show,Fantasy,Mystery,English,Japan,AU,2023,5.4,763547,1,seasons,29,PG,True
Utopia 38,Movie,Sci-Fi,Mystery,English,India,AU,2007,8.4,218942,78,minutes,0,G,True
Homecoming 493,Movie,Thriller,Horror,Spanish,India,AU,2000,8.3,107917,130,minutes,0,R,True
The Boys 898,Movie,Drama,Adventure,Japanese,Canada,UK,2017,6.5,369607,135,minutes,0,PG,True
Upload 174,TV Show,Thriller,Horror,Japanese,Germany,AU,2009,6.2,979875,2,seasons,71,PG,False
Fleabag 328,Movie,Horror,Romance,Hindi,China,US,2017,6.7,672849,73,minutes,0,G,True
Bosch 627,TV Show,Comedy,Romance,Hindi,Japan,JP,2021,6.3,419720,7,seasons,67,PG-13,False
The Boys Presents: Diabolical 17,TV Show,Action,Adventure,German,Japan,JP,2013,7.1,863221,8,seasons,87,NC-17,True
Invincible 319,Movie,Thriller,Horror,Mandarin,Australia,DE,2008,6.6,230244,180,minutes,0,R,False
The Underground Railroad 247,Movie,Horror,Romance,Spanish,France,DE,2019,6.4,502789,98,minutes,0,G,True
Hunters 287,Movie,Drama,Horror,Hindi,India,JP,2015,5.9,49608,99,minutes,0,G,False
The Grand Tour 737,Movie,Fantasy,Horror,English,USA,AU,2001,7.2,349248,91,minutes,0,R,False
The Expanse 44,TV Show,Drama,Horror,Hindi,Australia,US,2000,5.4,492669,4,seasons,7,R,True
The Lord of the Rings: The Rings of Power 757,TV Show,Action,Romance,Mandarin,Canada,UK,2021,8.6,75321,1,seasons,84,PG-13,False
Invincible 42,TV Show,Romance,Adventure,French,Australia,JP,2011,7.1,919846,4,seasons,87,NC-17,True
The Wheel of Time 454,TV Show,Comedy,Mystery,English,Japan,UK,2022,8.8,835559,9,seasons,76,R,True
The Summer I Turned Pretty 859,TV Show,Action,Romance,Japanese,China,AU,2008,5.2,637355,7,seasons,78,NC-17,False
The Lord of the Rings: The Rings of Power 808,TV Show,Drama,Romance,French,Australia,US,2001,5.3,916628,5,seasons,61,G,True
Bosch 85,Movie,Drama,Romance,Spanish,France,JP,2009,8.8,190786,76,minutes,0,R,False
Them 760,Movie,Thriller,Mystery,German,India,DE,2014,8.4,836888,138,minutes,0,R,False
One Night in Miami 224,TV Show,Drama,Adventure,Mandarin,France,AU,2015,5.1,159241,10,seasons,85,NC-17,False
The Underground Railroad 850,TV Show,Horror,Romance,English,Germany,UK,2007,7.5,577432,9,seasons,44,PG,True
The Underground Railroad 407,TV Show,Action,Horror,Hindi,UK,AU,2009,7.8,483036,1,seasons,16,NC-17,True
Hanna 538,Movie,Comedy,Romance,German,India,US,2004,7.5,253736,78,minutes,0,NC-17,False
Homecoming 377,Movie,Thriller,Romance,French,India,UK,2010,7.1,364833,76,minutes,0,PG-13,True
Hunters 263,TV Show,Documentary,Romance,French,Australia,US,2018,6.0,36482,3,seasons,21,R,True
The Boys Presents: Diabolical 542,TV Show,Drama,Adventure,Mandarin,Canada,DE,2020,5.4,498179,8,seasons,12,NC-17,True
Utopia 797,Movie,Comedy,Mystery,English,China,AU,2013,6.7,418951,141,minutes,0,PG-13,True
The Expanse 920,Movie,Action,Romance,German,Germany,UK,2008,8.7,334864,126,minutes,0,R,False
Tom Clancy's Without Remorse 279,Movie,Thriller,Horror,Japanese,Canada,AU,2022,6.1,688817,113,minutes,0,PG,False
Fleabag 974,TV Show,Romance,Mystery,English,France,US,2019,6.4,52511,4,seasons,23,NC-17,True
Them 295,Movie,Horror,Horror,Hindi,France,JP,2013,5.5,503537,89,minutes,0,PG-13,False
The Grand Tour 437,Movie,Drama,Romance,Mandarin,France,UK,2000,9.0,832384,113,minutes,0,PG-13,True
Without Remorse 342,Movie,Action,Adventure,Hindi,Canada,JP,2011,9.0,708288,114,minutes,0,G,False
Hunters 89,Movie,Romance,Romance,Japanese,France,AU,2022,7.7,930754,62,minutes,0,PG,True
Without Remorse 844,TV Show,Horror,Mystery,English,USA,AU,2021,7.4,980852,4,seasons,80,G,True
Good Omens 502,TV Show,Thriller,Adventure,Hindi,UK,DE,2022,5.7,494076,5,seasons,98,G,False
Tom Clancy's Without Remorse 189,TV Show,Thriller,Horror,French,China,UK,2016,5.0,415620,1,seasons,5,NC-17,True
A League of Their Own 695,TV Show,Fantasy,Horror,German,India,US,2004,7.6,543478,5,seasons,16,G,True
Fleabag 812,TV Show,Comedy,Adventure,Japanese,Japan,JP,2022,8.4,791236,6,seasons,96,R,True
A League of Their Own 473,TV Show,Sci-Fi,Adventure,Hindi,Japan,US,2010,9.0,742188,8,seasons,72,R,True
The Expanse 745,TV Show,Thriller,Romance,Spanish,India,AU,2003,6.5,7132,2,seasons,10,PG-13,False
Panic 879,TV Show,Horror,Horror,German,Canada,UK,2013,8.8,565313,3,seasons,90,PG-13,True
Hunters 275,TV Show,Fantasy,Romance,German,France,US,2019,6.2,495627,2,seasons,61,PG,False
Hunters 29,Movie,Documentary,Mystery,German,USA,UK,2003,8.9,477365,167,minutes,0,PG-13,False
Fleabag 535,Movie,Documentary,Horror,Japanese,France,UK,2021,7.3,997166,157,minutes,0,NC-17,False
The Boys Presents: Diabolical 1,Movie,Drama,Mystery,Spanish,Japan,DE,2017,5.2,450720,107,minutes,0,G,False
Upload 366,TV Show,Horror,Horror,Mandarin,UK,US,2020,8.9,325014,3,seasons,32,R,True
Upload 602,Movie,Fantasy,Horror,Spanish,China,JP,2012,6.6,543713,102,minutes,0,PG-13,False
Good Omens 735,TV Show,Sci-Fi,Adventure,Spanish,Australia,US,2021,6.7,429543,9,seasons,28,PG-13,False
Carnival Row 271,TV Show,Documentary,Adventure,Japanese,UK,DE,2016,7.9,254787,2,seasons,70,R,True
The Boys 818,Movie,Fantasy,Romance,Spanish,Canada,JP,2020,7.3,259796,86,minutes,0,PG,True
Homecoming 756,TV Show,Comedy,Horror,English,India,US,2017,5.6,549684,1,seasons,1,PG-13,False
The Man in the High Castle 956,TV Show,Fantasy,Adventure,Spanish,Germany,DE,2000,8.3,136844,1,seasons,7,NC-17,False
Bosch 608,Movie,Drama,Adventure,French,France,DE,2020,8.4,631037,174,minutes,0,PG-13,False
The Summer I Turned Pretty 924,TV Show,Romance,Horror,Spanish,Australia,AU,2007,8.7,894949,10,seasons,71,PG-13,False
Good Omens 597,Movie,Fantasy,Adventure,German,USA,DE,2013,8.1,626047,142,minutes,0,NC-17,False
Bosch 243,Movie,Drama,Romance,Mandarin,France,UK,2016,6.5,317965,152,minutes,0,PG,True
Hunters 168,Movie,Romance,Romance,Mandarin,UK,US,2003,8.1,852236,74,minutes,0,G,False
Carnival Row 421,Movie,Horror,Mystery,Japanese,India,UK,2013,8.3,892324,141,minutes,0,PG-13,True
Hanna 295,Movie,Documentary,Mystery,German,Australia,JP,2010,5.6,789536,108,minutes,0,PG-13,True
The Peripheral 69,TV Show,Romance,Romance,Mandarin,Australia,UK,2007,8.2,559026,1,seasons,21,PG,True
Outer Range 743,TV Show,Drama,Mystery,Mandarin,UK,UK,2010,7.0,522955,6,seasons,40,G,False
The Boys 164,TV Show,Drama,Adventure,Japanese,China,US,2019,8.5,841554,7,seasons,35,PG,False
The Terminal List 392,Movie,Sci-Fi,Horror,Spanish,Canada,JP,2017,8.0,589630,137,minutes,0,NC-17,False
Homecoming 103,TV Show,Horror,Mystery,Spanish,Japan,US,2006,5.1,744609,10,seasons,90,R,False
Hunters 301,TV Show,Documentary,Romance,English,China,JP,2003,7.4,454981,4,seasons,40,R,True
The Summer I Turned Pretty 565,Movie,Fantasy,Romance,English,France,JP,2009,6.6,827131,153,minutes,0,NC-17,False
The Peripheral 954,TV Show,Fantasy,Mystery,English,India,US,2004,8.5,290214,5,seasons,15,PG-13,False
Panic 66,TV Show,Fantasy,Romance,Hindi,France,UK,2017,8.9,276579,3,seasons,62,G,True
The Underground Railroad 760,Movie,Documentary,Romance,English,France,AU,2000,5.5,220115,157,minutes,0,NC-17,True
Hanna 638,TV Show,Drama,Adventure,Spanish,Canada,AU,2017,5.1,943712,2,seasons,80,PG,False
Without Remorse 553,TV Show,Sci-Fi,Romance,Hindi,Japan,UK,2000,7.0,242299,5,seasons,32,G,True
Hunters 293,TV Show,Sci-Fi,Romance,Spanish,China,AU,2016,6.1,102910,9,seasons,21,NC-17,False
The Legend of Vox Machina 135,TV Show,Fantasy,Adventure,English,USA,UK,2002,6.3,995995,2,seasons,16,G,False
The Expanse 457,Movie,Horror,Mystery,Spanish,Germany,UK,2004,8.9,291303,162,minutes,0,NC-17,True
Without Remorse 50,TV Show,Drama,Adventure,English,India,UK,2023,8.4,161831,10,seasons,87,G,False
Jack Ryan 141,Movie,Horror,Romance,French,China,US,2002,7.1,436604,132,minutes,0,G,True
Homecoming 679,Movie,Fantasy,Mystery,Japanese,USA,DE,2002,5.1,618639,94,minutes,0,NC-17,False
Outer Range 996,Movie,Fantasy,Adventure,Hindi,Germany,AU,2017,6.7,691884,97,minutes,0,PG-13,True
Homecoming 453,TV Show,Documentary,Romance,Mandarin,Australia,US,2007,7.6,8176,4,seasons,60,NC-17,True
Utopia 932,TV Show,Romance,Mystery,French,Japan,DE,2016,5.2,676519,5,seasons,37,PG,False
Sound of Metal 876,TV Show,Drama,Mystery,German,USA,DE,2016,7.8,559922,7,seasons,15,NC-17,False
Outer Range 187,Movie,Action,Mystery,Hindi,France,AU,2001,8.1,459329,150,minutes,0,PG,False
The Tomorrow War 714,TV Show,Action,Romance,German,France,JP,2009,8.2,116607,5,seasons,80,NC-17,True
Upload 495,TV Show,Romance,Adventure,Mandarin,Australia,JP,2001,8.9,186475,8,seasons,6,NC-17,False
The Grand Tour 471,Movie,Sci-Fi,Adventure,Japanese,India,DE,2000,6.1,197730,76,minutes,0,G,True
The Peripheral 188,TV Show,Drama,Romance,Mandarin,China,US,2002,6.2,365900,9,seasons,95,NC-17,True
The Underground Railroad 748,TV Show,Fantasy,Adventure,Spanish,India,US,2020,6.2,862877,3,seasons,24,PG,True
Without Remorse 434,TV Show,Horror,Adventure,Hindi,France,DE,2008,6.3,413813,7,seasons,63,NC-17,True
Hanna 970,TV Show,Comedy,Mystery,English,France,AU,2007,6.2,750682,10,seasons,60,G,False
The Legend of Vox Machina 382,Movie,Thriller,Horror,French,USA,US,2002,7.3,833599,143,minutes,0,PG,False
Tales from the Loop 551,TV Show,Horror,Horror,French,Canada,AU,2014,6.8,980274,4,seasons,55,PG-13,True
Borat Subsequent Moviefilm 241,TV Show,Romance,Mystery,French,China,US,2023,5.4,632233,10,seasons,66,R,True
The Peripheral 589,TV Show,Drama,Adventure,French,India,DE,2020,6.1,918012,4,seasons,74,PG-13,False
The Terminal List 420,TV Show,Comedy,Adventure,Hindi,Germany,DE,2003,5.2,729981,5,seasons,79,PG-13,False
Jack Ryan 354,Movie,Action,Adventure,English,UK,DE,2016,8.7,76643,90,minutes,0,NC-17,True
Reacher 363,TV Show,Romance,Romance,German,Japan,DE,2010,7.0,571852,9,seasons,100,G,True
A League of Their Own 44,Movie,Comedy,Adventure,Hindi,UK,UK,2017,5.0,413471,173,minutes,0,PG,True
The Wilds 928,TV Show,Action,Mystery,French,Germany,AU,2017,6.8,683940,3,seasons,32,PG,False
Hanna 822,Movie,Horror,Mystery,Mandarin,China,US,2006,5.2,352414,146,minutes,0,R,False
The Underground Railroad 368,Movie,Thriller,Romance,Spanish,USA,DE,2000,6.8,835574,115,minutes,0,PG-13,False
Invincible 584,TV Show,Drama,Romance,Japanese,Canada,UK,2003,7.4,119331,6,seasons,10,PG,True
The Grand Tour 371,TV Show,Fantasy,Mystery,English,Canada,UK,2005,8.7,419206,9,seasons,48,PG-13,True
The Wheel of Time 701,TV Show,Fantasy,Horror,French,France,JP,2006,5.5,383402,9,seasons,76,NC-17,True
The Summer I Turned Pretty 169,Movie,Drama,Adventure,German,Japan,AU,2009,7.0,168468,134,minutes,0,R,False
Good Omens 998,Movie,Documentary,Mystery,Spanish,Australia,US,2016,7.2,9868,93,minutes,0,PG,False
The Boys 580,TV Show,Comedy,Horror,Mandarin,Germany,US,2003,5.9,703233,7,seasons,33,G,True
Carnival Row 96,TV Show,Action,Mystery,Spanish,India,JP,2013,8.3,590944,3,seasons,83,NC-17,True
Fleabag 65,TV Show,Comedy,Horror,Spanish,USA,US,2015,8.2,283294,10,seasons,96,R,False
Coming 2 America 982,Movie,Romance,Adventure,English,Germany,DE,2015,6.5,944790,155,minutes,0,PG-13,True
Upload 193,Movie,Documentary,Mystery,English,India,AU,2000,5.0,334201,70,minutes,0,NC-17,False
The Legend of Vox Machina 37,Movie,Comedy,Adventure,Spanish,China,AU,2018,8.4,824586,157,minutes,0,PG-13,False
The Peripheral 135,TV Show,Sci-Fi,Mystery,English,India,JP,2000,7.6,485979,9,seasons,38,NC-17,True
The Marvelous Mrs. Maisel 415,Movie,Thriller,Adventure,Hindi,Japan,UK,2006,6.0,457682,88,minutes,0,R,False
The Peripheral 442,Movie,Documentary,Romance,Hindi,UK,AU,2018,8.0,157037,151,minutes,0,R,True
The Lord of the Rings: The Rings of Power 763,TV Show,Horror,Mystery,Mandarin,Germany,DE,2020,8.6,355825,1,seasons,48,PG,True
Invincible 913,Movie,Documentary,Horror,German,Germany,JP,2017,5.7,906175,96,minutes,0,R,True
Without Remorse 236,Movie,Romance,Romance,German,Japan,US,2008,5.7,772306,103,minutes,0,NC-17,False
Hunters 679,TV Show,Drama,Horror,Mandarin,France,UK,2011,7.4,883093,7,seasons,45,NC-17,True
Reacher 933,Movie,Romance,Horror,Japanese,UK,DE,2011,6.8,206044,143,minutes,0,G,False
The Peripheral 437,TV Show,Thriller,Horror,Hindi,France,JP,2007,6.0,804977,1,seasons,42,NC-17,False
The Underground Railroad 795,TV Show,Romance,Romance,French,Canada,AU,2011,6.8,655763,10,seasons,76,G,True
The Legend of Vox Machina 316,TV Show,Horror,Horror,German,Japan,US,2004,5.3,187921,6,seasons,80,PG,True
Panic 920,TV Show,Drama,Adventure,German,Germany,US,2019,6.2,841817,10,seasons,33,PG,True
The Wheel of Time 30,Movie,Action,Adventure,English,Germany,AU,2008,8.1,711953,148,minutes,0,G,True
Tales from the Loop 278,Movie,Thriller,Horror,Mandarin,USA,JP,2001,8.2,470294,122,minutes,0,G,False
Reacher 863,Movie,Horror,Horror,English,India,UK,2010,6.9,996471,116,minutes,0,PG-13,True
Good Omens 270,Movie,Action,Mystery,English,Japan,DE,2011,6.9,460921,97,minutes,0,PG-13,False
The Tomorrow War 724,TV Show,Comedy,Adventure,Hindi,Japan,JP,2003,8.3,68105,10,seasons,31,R,False
The Boys Presents: Diabolical 280,TV Show,Fantasy,Adventure,Hindi,Germany,US,2017,5.3,955992,4,seasons,2,PG-13,True
Hunters 249,Movie,Fantasy,Romance,Japanese,India,UK,2010,6.5,807327,120,minutes,0,R,True
A League of Their Own 316,TV Show,Documentary,Romance,Hindi,Canada,AU,2018,7.5,619806,4,seasons,85,R,True
A League of Their Own 425,TV Show,Comedy,Mystery,Spanish,France,UK,2003,8.3,431074,7,seasons,31,PG,False
Tales from the Loop 192,Movie,Fantasy,Mystery,Japanese,India,UK,2015,7.4,524097,173,minutes,0,NC-17,True
Sound of Metal 138,TV Show,Fantasy,Mystery,Spanish,India,UK,2023,7.1,619672,9,seasons,28,G,False
Utopia 816,TV Show,Drama,Romance,Hindi,Japan,US,2011,6.5,536003,1,seasons,3,R,False
Fleabag 309,Movie,Action,Adventure,Mandarin,India,UK,2001,7.2,112865,89,minutes,0,PG,True
The Summer I Turned Pretty 890,TV Show,Fantasy,Romance,French,Germany,AU,2002,5.2,992293,3,seasons,33,NC-17,False
The Peripheral 883,TV Show,Sci-Fi,Horror,Spanish,Japan,JP,2016,5.9,421907,10,seasons,93,PG,True
Upload 254,TV Show,Horror,Romance,Mandarin,Australia,DE,2004,7.7,764341,2,seasons,53,PG-13,False
Utopia 514,TV Show,Romance,Horror,Spanish,Canada,JP,2005,7.1,150011,8,seasons,34,NC-17,False
Coming 2 America 324,TV Show,Documentary,Horror,Mandarin,Germany,US,2003,7.2,215654,10,seasons,50,G,False
Coming 2 America 854,Movie,Sci-Fi,Adventure,Spanish,China,DE,2008,6.7,973790,82,minutes,0,NC-17,True
Hanna 596,TV Show,Thriller,Adventure,French,Australia,AU,2014,8.2,746258,10,seasons,74,PG-13,True
Utopia 110,TV Show,Documentary,Adventure,German,Germany,AU,2016,7.7,214516,1,seasons,92,R,False
Fleabag 525,Movie,Comedy,Romance,English,Japan,DE,2007,8.9,715503,97,minutes,0,G,True
Utopia 495,Movie,Comedy,Mystery,Japanese,Australia,JP,2001,7.8,288634,99,minutes,0,PG,False
Good Omens 704,TV Show,Action,Horror,German,Germany,DE,2008,8.2,542445,1,seasons,72,PG-13,False
The Marvelous Mrs. Maisel 108,Movie,Romance,Adventure,Mandarin,USA,UK,2022,6.5,806333,144,minutes,0,R,True
Outer Range 542,Movie,Documentary,Romance,French,France,US,2002,7.3,623668,75,minutes,0,NC-17,True
The Tomorrow War 381,Movie,Action,Mystery,German,USA,US,2010,5.8,9076,71,minutes,0,PG,True
The Grand Tour 276,Movie,Thriller,Mystery,German,Germany,UK,2020,6.5,991611,82,minutes,0,NC-17,True
Without Remorse 741,Movie,Romance,Romance,German,Japan,DE,2022,8.4,519005,123,minutes,0,G,True
Them 528,Movie,Drama,Romance,English,Canada,UK,2020,8.4,614110,107,minutes,0,G,True
Fleabag 454,TV Show,Documentary,Horror,French,Australia,UK,2000,7.3,286942,6,seasons,12,PG,True
The Legend of Vox Machina 611,Movie,Documentary,Mystery,Hindi,Germany,DE,2021,8.8,335662,165,minutes,0,PG-13,False
Coming 2 America 981,Movie,Action,Mystery,Spanish,Canada,DE,2009,7.2,155348,169,minutes,0,PG-13,True
Fleabag 797,TV Show,Drama,Adventure,Spanish,Canada,UK,2003,8.0,236296,9,seasons,44,PG,False
The Wilds 706,TV Show,Horror,Horror,Spanish,France,US,2017,6.9,91561,1,seasons,23,PG-13,True
Sound of Metal 696,Movie,Drama,Adventure,Japanese,Canada,DE,2013,7.2,542899,84,minutes,0,R,False
The Grand Tour 789,Movie,Action,Mystery,Hindi,Japan,DE,2012,6.6,150490,174,minutes,0,PG,False
The Summer I Turned Pretty 929,Movie,Comedy,Adventure,Mandarin,India,DE,2008,8.7,762124,116,minutes,0,R,False
One Night in Miami 682,TV Show,Documentary,Horror,Mandarin,Germany,DE,2004,8.3,889574,8,seasons,66,PG-13,True
The Grand Tour 537,Movie,Documentary,Horror,Mandarin,Canada,US,2017,8.2,542196,126,minutes,0,G,True
The Boys 552,TV Show,Romance,Mystery,French,India,JP,2004,7.7,482152,3,seasons,39,R,True
The Terminal List 809,TV Show,Romance,Romance,Japanese,India,UK,2003,8.4,883691,2,seasons,98,PG-13,False
The Legend of Vox Machina 664,Movie,Action,Mystery,German,UK,AU,2014,6.0,875704,140,minutes,0,PG,True
Bosch 60,Movie,Documentary,Horror,Mandarin,Canada,JP,2015,7.5,263607,77,minutes,0,NC-17,False
Coming 2 America 203,TV Show,Sci-Fi,Adventure,Hindi,Australia,AU,2001,5.6,339804,1,seasons,79,G,True
Borat Subsequent Moviefilm 702,TV Show,Drama,Romance,English,India,UK,2011,5.3,984016,10,seasons,12,NC-17,False
The Terminal List 383,TV Show,Action,Mystery,English,UK,DE,2022,6.8,694794,5,seasons,70,G,False
The Marvelous Mrs. Maisel 810,TV Show,Comedy,Romance,French,Australia,AU,2008,7.7,348497,6,seasons,88,PG-13,False
Good Omens 113,TV Show,Documentary,Romance,Japanese,India,AU,2019,7.8,63360,1,seasons,4,PG,False
Tom Clancy's Without Remorse 347,TV Show,Romance,Romance,French,France,DE,2002,6.0,822782,2,seasons,51,G,False
Jack Ryan 595,Movie,Drama,Adventure,Mandarin,Japan,DE,2018,7.3,397502,97,minutes,0,G,False
Jack Ryan 607,Movie,Documentary,Horror,Hindi,India,DE,2020,6.7,438764,84,minutes,0,PG,False
The Underground Railroad 688,Movie,Sci-Fi,Adventure,Mandarin,India,UK,2016,6.6,604374,66,minutes,0,NC-17,True
The Terminal List 691,Movie,Drama,Mystery,Hindi,China,UK,2000,6.4,886637,160,minutes,0,G,True
Bosch 316,TV Show,Sci-Fi,Horror,Hindi,China,JP,2019,5.9,818517,2,seasons,28,NC-17,False
The Terminal List 730,TV Show,Fantasy,Romance,Mandarin,USA,JP,2011,6.7,881927,10,seasons,91,NC-17,True
The Expanse 192,Movie,Fantasy,Horror,German,China,DE,2023,5.6,368873,164,minutes,0,PG,False
Panic 52,Movie,Romance,Adventure,Spanish,France,AU,2019,7.9,973084,170,minutes,0,PG,True
Utopia 197,Movie,Comedy,Mystery,Spanish,Japan,AU,2020,6.3,446380,143,minutes,0,G,False
Coming 2 America 483,TV Show,Drama,Mystery,Hindi,UK,JP,2017,6.7,367274,4,seasons,89,PG-13,True
Panic 197,Movie,Romance,Mystery,Mandarin,Canada,JP,2007,7.7,482044,86,minutes,0,G,False
The Grand Tour 317,TV Show,Sci-Fi,Romance,Mandarin,Japan,US,2007,6.5,830586,5,seasons,86,NC-17,True
Utopia 830,Movie,Drama,Horror,Hindi,Australia,DE,2016,8.0,649341,163,minutes,0,PG-13,True
The Terminal List 375,Movie,Documentary,Mystery,Mandarin,Canada,UK,2004,7.6,975194,139,minutes,0,NC-17,False
The Peripheral 263,TV Show,Documentary,Mystery,Hindi,Canada,US,2020,8.4,793171,3,seasons,54,G,False
The Grand Tour 751,TV Show,Romance,Adventure,Hindi,Germany,UK,2002,6.0,993079,6,seasons,94,NC-17,False
Coming 2 America 110,Movie,Documentary,Horror,German,USA,US,2004,6.6,938502,95,minutes,0,G,False
Panic 55,TV Show,Comedy,Romance,Japanese,India,JP,2009,8.4,565714,2,seasons,14,PG,True
The Man in the High Castle 360,Movie,Thriller,Romance,French,USA,AU,2007,8.4,278662,114,minutes,0,PG,True
Fleabag 81,Movie,Sci-Fi,Mystery,English,Germany,US,2012,5.5,619546,62,minutes,0,G,False
Tales from the Loop 634,Movie,Sci-Fi,Adventure,Spanish,UK,DE,2008,5.1,585839,168,minutes,0,PG-13,True
Upload 605,Movie,Comedy,Romance,German,Germany,DE,2022,7.1,217909,118,minutes,0,R,False
One Night in Miami 979,TV Show,Fantasy,Adventure,Mandarin,USA,US,2013,7.9,297007,3,seasons,75,PG-13,True
The Terminal List 370,TV Show,Sci-Fi,Romance,Mandarin,Canada,US,2000,8.0,139289,10,seasons,9,R,False
Fleabag 782,Movie,Comedy,Mystery,English,USA,JP,2018,7.0,765511,177,minutes,0,G,False
The Grand Tour 259,Movie,Horror,Adventure,Japanese,France,US,2007,8.7,363181,128,minutes,0,PG-13,True
Reacher 599,Movie,Documentary,Romance,Hindi,UK,JP,2009,5.8,174373,68,minutes,0,NC-17,True
Tales from the Loop 191,TV Show,Action,Mystery,English,Japan,DE,2007,5.7,835787,3,seasons,73,NC-17,True
The Man in the High Castle 693,Movie,Action,Horror,Hindi,China,JP,2009,5.7,373163,177,minutes,0,PG,True
The Tomorrow War 945,TV Show,Fantasy,Romance,Japanese,Japan,UK,2010,6.7,455236,1,seasons,17,G,False
The Boys 734,Movie,Comedy,Mystery,Mandarin,Australia,US,2018,7.8,241206,138,minutes,0,PG-13,True
Coming 2 America 372,Movie,Romance,Adventure,English,China,AU,2009,7.5,548165,63,minutes,0,PG-13,True
The Boys Presents: Diabolical 774,TV Show,Comedy,Adventure,French,Japan,UK,2014,6.4,168582,6,seasons,81,NC-17,True
Utopia 56,TV Show,Comedy,Adventure,English,UK,AU,2007,5.9,6929,6,seasons,40,G,True
The Wheel of Time 29,Movie,Romance,Horror,Hindi,Australia,UK,2012,8.0,666399,137,minutes,0,G,False
The Tomorrow War 624,Movie,Drama,Adventure,Mandarin,France,JP,2019,5.1,461125,134,minutes,0,PG-13,True
One Night in Miami 352,Movie,Romance,Mystery,Japanese,Canada,JP,2011,8.9,223835,117,minutes,0,NC-17,False
Tom Clancy's Without Remorse 705,TV Show,Documentary,Adventure,Japanese,Germany,DE,2013,7.2,128367,8,seasons,10,NC-17,False
Borat Subsequent Moviefilm 573,Movie,Comedy,Romance,French,USA,AU,2004,6.4,769253,114,minutes,0,PG,True
Hunters 266,TV Show,Horror,Mystery,French,UK,US,2017,5.9,100369,2,seasons,80,G,False
The Wheel of Time 203,TV Show,Sci-Fi,Horror,Spanish,UK,DE,2000,5.5,940114,3,seasons,6,R,False
The Terminal List 542,Movie,Thriller,Mystery,French,China,UK,2020,8.9,884439,163,minutes,0,R,True
Panic 603,TV Show,Romance,Adventure,Japanese,Australia,UK,2017,6.7,75866,4,seasons,2,PG,True
The Man in the High Castle 795,TV Show,Sci-Fi,Mystery,Spanish,Germany,JP,2011,6.0,246243,5,seasons,22,PG-13,False
One Night in Miami 401,TV Show,Comedy,Adventure,Mandarin,China,DE,2014,6.3,396552,7,seasons,8,PG,True
Upload 982,TV Show,Horror,Horror,Spanish,UK,US,2017,5.4,871197,4,seasons,87,G,False
The Expanse 811,Movie,Sci-Fi,Horror,Japanese,Germany,AU,2009,8.7,380926,142,minutes,0,PG,True
Upload 655,TV Show,Drama,Adventure,Hindi,Japan,JP,2015,7.5,555414,10,seasons,19,PG,False
The Terminal List 196,Movie,Sci-Fi,Mystery,Japanese,Germany,DE,2020,5.0,237295,83,minutes,0,PG,False
The Lord of the Rings: The Rings of Power 323,TV Show,Documentary,Romance,Japanese,Australia,UK,2009,5.0,860953,7,seasons,83,PG-13,True
Reacher 877,Movie,Action,Mystery,English,China,UK,2011,8.2,663375,103,minutes,0,PG-13,False
The Summer I Turned Pretty 633,Movie,Horror,Horror,German,Australia,JP,2005,8.6,48803,173,minutes,0,R,False
The Expanse 62,TV Show,Thriller,Romance,Spanish,Australia,US,2006,5.1,121014,2,seasons,85,G,True
Hunters 467,Movie,Romance,Adventure,Spanish,USA,JP,2013,8.2,304078,126,minutes,0,PG,False
Without Remorse 352,TV Show,Comedy,Romance,English,USA,UK,2009,5.9,126767,7,seasons,66,PG-13,False
Homecoming 615,Movie,Horror,Adventure,Hindi,Japan,DE,2012,8.6,416683,172,minutes,0,NC-17,False
Outer Range 390,TV Show,Documentary,Mystery,Japanese,Canada,UK,2002,6.2,733091,8,seasons,46,PG,True
The Wheel of Time 662,TV Show,Romance,Romance,Hindi,Australia,AU,2012,8.6,675069,10,seasons,22,NC-17,False
Coming 2 America 38,TV Show,Action,Mystery,English,India,JP,2004,6.0,951169,5,seasons,47,R,False
Tom Clancy's Without Remorse 765,Movie,Horror,Romance,Mandarin,Canada,DE,2019,5.6,949399,117,minutes,0,PG,True
Coming 2 America 682,TV Show,Fantasy,Mystery,English,Japan,UK,2018,6.8,45006,1,seasons,77,G,True
Borat Subsequent Moviefilm 455,Movie,Sci-Fi,Adventure,German,France,US,2004,6.6,750855,155,minutes,0,R,False
The Wilds 792,TV Show,Horror,Adventure,Japanese,India,UK,2000,7.7,582364,1,seasons,31,NC-17,True
Tom Clancy's Without Remorse 385,Movie,Romance,Adventure,English,China,JP,2023,5.5,466030,93,minutes,0,G,True
Coming 2 America 755,TV Show,Action,Romance,German,Australia,US,2011,8.0,841861,6,seasons,85,PG,True
The Marvelous Mrs. Maisel 728,TV Show,Thriller,Romance,Mandarin,China,AU,2002,8.2,860492,3,seasons,60,G,True
Bosch 695,Movie,Documentary,Adventure,Japanese,Australia,JP,2010,6.0,163693,101,minutes,0,PG-13,True
The Boys Presents: Diabolical 223,Movie,Drama,Adventure,Spanish,Australia,US,2016,6.4,160449,145,minutes,0,PG,False
Carnival Row 22,Movie,Horror,Adventure,German,Japan,AU,2013,7.4,189115,107,minutes,0,PG-13,True
The Marvelous Mrs. Maisel 701,TV Show,Comedy,Adventure,French,Japan,US,2020,6.9,932538,8,seasons,75,NC-17,True
The Boys Presents: Diabolical 147,Movie,Comedy,Adventure,German,UK,UK,2011,6.0,70570,166,minutes,0,PG,False
The Wilds 914,TV Show,Romance,Romance,Mandarin,Japan,AU,2001,8.7,157096,3,seasons,68,PG,True
Carnival Row 693,TV Show,Drama,Horror,Mandarin,France,AU,2013,6.7,754097,8,seasons,33,R,False
Carnival Row 331,Movie,Thriller,Adventure,Spanish,India,JP,2007,7.4,345904,63,minutes,0,NC-17,False
Coming 2 America 267,Movie,Sci-Fi,Horror,Spanish,UK,US,2004,5.4,965607,64,minutes,0,G,True
Without Remorse 902,TV Show,Horror,Horror,Hindi,USA,UK,2013,5.3,863570,9,seasons,20,PG,False
Invincible 310,Movie,Comedy,Romance,Spanish,India,JP,2022,7.1,366075,162,minutes,0,NC-17,True
Good Omens 554,Movie,Comedy,Adventure,Hindi,USA,DE,2006,5.5,337682,81,minutes,0,NC-17,True
The Man in the High Castle 906,TV Show,Horror,Adventure,French,UK,DE,2010,7.6,544698,7,seasons,16,G,False
The Tomorrow War 106,Movie,Fantasy,Horror,Spanish,Japan,US,2019,7.7,129193,66,minutes,0,PG-13,False
The Grand Tour 854,TV Show,Thriller,Mystery,Japanese,India,DE,2008,6.1,241027,2,seasons,74,PG-13,False
The Legend of Vox Machina 974,TV Show,Horror,Adventure,Japanese,USA,JP,2002,5.1,571592,6,seasons,61,G,True
Tom Clancy's Without Remorse 246,TV Show,Horror,Horror,German,Germany,DE,2001,8.8,714276,1,seasons,17,G,True
The Wilds 49,Movie,Thriller,Romance,Mandarin,India,US,2003,5.7,58101,82,minutes,0,G,False
The Man in the High Castle 615,Movie,Thriller,Horror,Mandarin,Canada,AU,2003,5.3,155303,84,minutes,0,R,False
The Wilds 578,Movie,Action,Romance,Mandarin,Germany,DE,2023,8.2,250317,114,minutes,0,G,True
Hunters 721,Movie,Sci-Fi,Adventure,German,France,US,2007,8.8,298220,129,minutes,0,NC-17,False
Tom Clancy's Without Remorse 976,Movie,Drama,Adventure,German,France,DE,2020,8.3,377726,89,minutes,0,G,True
The Terminal List 363,Movie,Action,Horror,French,UK,UK,2013,7.0,699718,77,minutes,0,PG,True
Reacher 509,TV Show,Romance,Mystery,Hindi,China,UK,2003,5.7,705028,1,seasons,55,PG-13,True
The Man in the High Castle 743,TV Show,Comedy,Mystery,English,USA,AU,2004,7.8,60218,9,seasons,5,PG,True
The Grand Tour 477,Movie,Romance,Horror,Mandarin,USA,DE,2007,7.3,67383,67,minutes,0,PG,True
The Wheel of Time 230,Movie,Horror,Adventure,German,USA,DE,2000,7.2,63240,77,minutes,0,G,False
Borat Subsequent Moviefilm 602,Movie,Documentary,Romance,Mandarin,China,UK,2022,7.1,220416,92,minutes,0,PG,True
Carnival Row 905,Movie,Comedy,Romance,English,France,AU,2022,7.6,243215,73,minutes,0,NC-17,False
The Summer I Turned Pretty 27,TV Show,Documentary,Mystery,English,India,UK,2018,8.5,597826,1,seasons,14,PG,False
Upload 483,Movie,Romance,Horror,Hindi,China,JP,2023,6.0,510743,69,minutes,0,G,True
Sound of Metal 778,TV Show,Horror,Horror,English,France,JP,2009,6.1,951646,10,seasons,31,NC-17,False
The Boys 398,Movie,Sci-Fi,Adventure,German,UK,UK,2010,7.8,633550,91,minutes,0,NC-17,True
Upload 435,TV Show,Thriller,Horror,German,Australia,AU,2008,8.4,13493,8,seasons,94,R,False
Good Omens 15,Movie,Horror,Mystery,Spanish,Canada,UK,2007,6.9,630935,60,minutes,0,G,False
Hanna 166,TV Show,Documentary,Mystery,Spanish,USA,DE,2014,6.4,59545,8,seasons,93,NC-17,True
Panic 477,Movie,Action,Adventure,Hindi,Australia,DE,2019,8.2,882261,149,minutes,0,R,False
Outer Range 431,Movie,Comedy,Romance,French,Australia,JP,2022,5.4,740461,161,minutes,0,PG-13,False
The Man in the High Castle 839,Movie,Sci-Fi,Horror,Mandarin,Canada,US,2008,8.1,863232,64,minutes,0,PG,False
Tales from the Loop 924,Movie,Sci-Fi,Horror,Hindi,Japan,AU,2004,6.3,900567,111,minutes,0,R,False
Bosch 295,Movie,Comedy,Horror,Japanese,Japan,UK,2007,6.0,334750,124,minutes,0,G,True
The Legend of Vox Machina 822,TV Show,Fantasy,Romance,Spanish,Germany,JP,2020,5.2,53933,6,seasons,2,PG-13,False
Upload 471,TV Show,Action,Mystery,Japanese,Germany,AU,2003,7.6,459632,5,seasons,59,R,False
The Wheel of Time 693,Movie,Action,Adventure,English,Australia,DE,2002,6.1,488471,168,minutes,0,PG-13,True
Upload 736,Movie,Drama,Mystery,English,Canada,JP,2020,5.1,558580,97,minutes,0,R,False
The Expanse 219,TV Show,Documentary,Mystery,Japanese,China,JP,2017,6.1,335252,8,seasons,58,G,True
Outer Range 541,Movie,Comedy,Adventure,Hindi,China,JP,2002,5.2,7539,165,minutes,0,R,False
The Man in the High Castle 703,TV Show,Comedy,Mystery,French,Canada,DE,2016,8.0,472596,7,seasons,88,R,True
Tom Clancy's Without Remorse 960,TV Show,Sci-Fi,Romance,English,India,US,2021,6.4,237135,4,seasons,18,NC-17,True
The Man in the High Castle 30,Movie,Documentary,Adventure,Mandarin,India,AU,2015,7.7,404838,156,minutes,0,NC-17,False
Upload 407,Movie,Drama,Adventure,Japanese,UK,DE,2000,6.0,896028,127,minutes,0,PG-13,True
The Tomorrow War 315,Movie,Action,Horror,French,France,JP,2021,6.0,659939,71,minutes,0,PG,True
Coming 2 America 598,TV Show,Comedy,Adventure,Hindi,Japan,UK,2021,7.2,395666,3,seasons,79,NC-17,False
Upload 126,TV Show,Thriller,Horror,Hindi,China,JP,2015,6.8,719492,5,seasons,13,G,True
Hunters 999,Movie,Comedy,Mystery,German,Germany,UK,2001,7.6,707237,157,minutes,0,PG,False
The Peripheral 512,Movie,Documentary,Mystery,English,Germany,JP,2016,5.9,2438,98,minutes,0,R,True
The Boys 864,TV Show,Sci-Fi,Mystery,Hindi,Germany,US,2011,6.0,420908,6,seasons,84,R,True
The Peripheral 71,Movie,Romance,Horror,Japanese,France,AU,2003,6.6,59270,90,minutes,0,R,False
The Tomorrow War 639,TV Show,Action,Romance,Mandarin,Canada,JP,2004,7.7,509568,10,seasons,63,PG-13,True
The Man in the High Castle 835,TV Show,Comedy,Horror,Mandarin,France,JP,2005,7.9,391854,6,seasons,84,R,False
The Summer I Turned Pretty 853,TV Show,Romance,Romance,French,China,JP,2003,8.4,363447,8,seasons,2,PG-13,False
The Summer I Turned Pretty 626,Movie,Documentary,Horror,Hindi,China,UK,2005,6.5,181518,92,minutes,0,R,True
Hunters 958,Movie,Documentary,Horror,Japanese,Germany,US,2000,7.7,977588,94,minutes,0,G,False
Homecoming 944,TV Show,Romance,Romance,German,France,UK,2019,9.0,17434,2,seasons,81,NC-17,False
Outer Range 560,Movie,Action,Horror,English,Germany,US,2003,5.9,740880,111,minutes,0,PG,False
The Marvelous Mrs. Maisel 486,Movie,Thriller,Horror,English,China,US,2016,5.1,670729,86,minutes,0,NC-17,True
The Boys Presents: Diabolical 505,Movie,Horror,Romance,Japanese,France,DE,2022,7.0,708144,156,minutes,0,R,False
The Grand Tour 115,TV Show,Romance,Mystery,Hindi,UK,DE,2016,8.2,13910,2,seasons,60,PG-13,False
Coming 2 America 626,TV Show,Comedy,Romance,Spanish,India,DE,2010,7.3,717366,10,seasons,66,PG-13,False
Hanna 164,TV Show,Documentary,Horror,Spanish,UK,US,2005,8.1,919496,3,seasons,83,G,True
Tom Clancy's Without Remorse 444,TV Show,Romance,Mystery,English,UK,UK,2003,8.0,137470,3,seasons,55,PG,False
Sound of Metal 803,Movie,Sci-Fi,Mystery,Hindi,UK,JP,2014,6.8,909970,116,minutes,0,R,False
The Boys 154,TV Show,Drama,Horror,German,Germany,UK,2008,8.7,750484,7,seasons,28,NC-17,True
The Expanse 530,TV Show,Drama,Horror,German,Germany,AU,2016,5.3,845789,6,seasons,63,NC-17,True
Carnival Row 631,TV Show,Documentary,Adventure,German,Australia,JP,2013,5.7,201251,2,seasons,97,NC-17,False
The Terminal List 287,TV Show,Horror,Adventure,Japanese,UK,UK,2023,8.6,261730,5,seasons,59,G,True
Without Remorse 573,Movie,Drama,Horror,Hindi,Australia,DE,2011,8.8,296168,79,minutes,0,PG-13,True
Outer Range 960,Movie,Romance,Mystery,English,USA,JP,2008,8.2,41449,143,minutes,0,G,True
The Summer I Turned Pretty 51,Movie,Fantasy,Mystery,English,USA,DE,2004,7.6,189882,80,minutes,0,R,True
Fleabag 532,Movie,Comedy,Romance,Japanese,USA,AU,2018,7.5,973261,146,minutes,0,R,True
Homecoming 138,Movie,Thriller,Romance,Spanish,Germany,AU,2021,7.8,493396,115,minutes,0,R,False
Sound of Metal 790,TV Show,Fantasy,Mystery,English,UK,US,2022,6.4,42665,5,seasons,31,G,False
Utopia 335,Movie,Documentary,Adventure,German,Australia,JP,2004,5.3,514666,121,minutes,0,NC-17,False
One Night in Miami 113,Movie,Documentary,Adventure,English,Japan,JP,2004,6.0,982301,73,minutes,0,G,True
Without Remorse 658,TV Show,Horror,Mystery,Japanese,Japan,US,2003,7.3,281816,9,seasons,72,R,False
The Peripheral 652,TV Show,Drama,Adventure,Japanese,India,UK,2011,7.7,95079,2,seasons,46,G,True
The Grand Tour 914,TV Show,Action,Horror,Mandarin,Australia,US,2007,7.8,285026,7,seasons,72,G,False
Hunters 820,Movie,Drama,Mystery,German,UK,JP,2012,8.4,465895,161,minutes,0,PG,True
Coming 2 America 434,Movie,Documentary,Romance,French,Australia,JP,2009,5.3,148141,75,minutes,0,NC-17,True
Hunters 454,Movie,Thriller,Horror,English,Germany,JP,2002,6.0,218944,163,minutes,0,PG-13,False
Good Omens 563,Movie,Thriller,Romance,Hindi,France,UK,2022,8.9,870189,131,minutes,0,PG,True
Sound of Metal 431,TV Show,Action,Mystery,Mandarin,France,UK,2022,5.0,442630,7,seasons,16,NC-17,False
The Boys 146,TV Show,Thriller,Adventure,Hindi,China,DE,2013,6.7,809223,8,seasons,61,NC-17,True
Reacher 689,TV Show,Thriller,Adventure,English,Australia,JP,2022,6.7,172156,5,seasons,56,R,True
Utopia 154,Movie,Thriller,Romance,English,Japan,UK,2016,5.6,260720,154,minutes,0,R,True
Without Remorse 708,Movie,Drama,Adventure,Japanese,China,UK,2001,8.9,776926,153,minutes,0,R,True
Panic 444,TV Show,Sci-Fi,Romance,German,Japan,JP,2013,7.4,59057,4,seasons,88,PG-13,False
Hanna 271,TV Show,Sci-Fi,Mystery,French,France,DE,2009,5.9,551288,6,seasons,12,PG-13,True
Homecoming 38,TV Show,Thriller,Mystery,English,UK,US,2022,9.0,921739,8,seasons,94,PG-13,True
Hunters 468,TV Show,Action,Adventure,French,UK,JP,2016,7.5,559256,2,seasons,95,NC-17,True
A League of Their Own 927,TV Show,Sci-Fi,Romance,English,Canada,UK,2011,8.5,45014,7,seasons,93,NC-17,False
The Legend of Vox Machina 310,TV Show,Fantasy,Mystery,German,Japan,AU,2011,7.6,406271,10,seasons,29,R,True
Tom Clancy's Without Remorse 630,Movie,Comedy,Adventure,German,France,JP,2013,7.1,465832,162,minutes,0,G,True
Hanna 802,Movie,Documentary,Romance,Spanish,Germany,US,2006,6.2,254878,97,minutes,0,PG,False
The Peripheral 168,TV Show,Thriller,Horror,French,India,DE,2008,5.5,504862,10,seasons,35,R,True
The Wilds 910,TV Show,Comedy,Adventure,German,Germany,AU,2019,8.5,639974,10,seasons,24,G,True
Tom Clancy's Without Remorse 21,TV Show,Horror,Romance,French,Australia,DE,2011,7.8,214139,9,seasons,58,PG,True
The Grand Tour 514,Movie,Horror,Horror,English,Japan,AU,2000,7.8,877530,126,minutes,0,G,True
The Wilds 501,TV Show,Action,Horror,German,Australia,UK,2000,8.7,213293,2,seasons,87,PG-13,False
The Man in the High Castle 223,Movie,Sci-Fi,Romance,French,USA,UK,2023,9.0,511170,65,minutes,0,PG,False
The Tomorrow War 58,Movie,Sci-Fi,Mystery,Hindi,Germany,AU,2006,5.2,904250,110,minutes,0,PG-13,False
Good Omens 807,Movie,Comedy,Horror,Japanese,India,US,2015,6.4,158645,111,minutes,0,R,True
Utopia 148,TV Show,Sci-Fi,Mystery,Spanish,China,AU,2013,8.6,594872,3,seasons,36,R,True
The Lord of the Rings: The Rings of Power 167,Movie,Documentary,Horror,Hindi,China,DE,2000,7.4,187074,120,minutes,0,NC-17,True
The Grand Tour 648,Movie,Horror,Romance,Japanese,Canada,AU,2000,7.0,661965,73,minutes,0,PG,False
Hunters 45,Movie,Thriller,Mystery,Hindi,UK,DE,2010,5.9,676505,157,minutes,0,PG,True
Coming 2 America 558,TV Show,Thriller,Mystery,German,Australia,AU,2011,7.9,42199,10,seasons,97,R,True
The Expanse 853,Movie,Drama,Romance,Spanish,Germany,DE,2019,8.9,206779,133,minutes,0,PG-13,False
The Wheel of Time 168,TV Show,Action,Adventure,French,China,DE,2000,8.7,74366,3,seasons,56,NC-17,True
Fleabag 672,Movie,Documentary,Horror,French,India,US,2006,6.1,674757,151,minutes,0,PG,False
Sound of Metal 29,Movie,Romance,Adventure,English,Canada,JP,2011,8.1,822744,125,minutes,0,G,True
The Wheel of Time 804,TV Show,Romance,Mystery,Hindi,India,AU,2019,5.2,493711,9,seasons,14,PG,False
Outer Range 835,TV Show,Documentary,Romance,Hindi,USA,DE,2011,6.2,919250,8,seasons,57,NC-17,False
Tales from the Loop 970,Movie,Thriller,Mystery,Mandarin,Australia,US,2019,8.7,456271,75,minutes,0,PG,False
The Boys Presents: Diabolical 788,TV Show,Sci-Fi,Romance,German,Australia,UK,2013,5.1,512685,3,seasons,38,R,True
The Man in the High Castle 342,TV Show,Fantasy,Mystery,Mandarin,Canada,JP,2020,8.5,786809,3,seasons,31,R,True
The Expanse 464,Movie,Documentary,Romance,Spanish,China,UK,2008,6.7,615385,134,minutes,0,NC-17,False
Reacher 140,TV Show,Comedy,Romance,German,UK,DE,2002,5.9,26356,4,seasons,17,R,False
Hunters 793,Movie,Comedy,Adventure,Japanese,India,US,2008,5.5,17769,64,minutes,0,PG,False
The Wheel of Time 987,TV Show,Thriller,Romance,French,China,US,2013,8.2,987926,7,seasons,52,PG-13,True
Without Remorse 897,TV Show,Fantasy,Romance,Japanese,Japan,JP,2001,8.0,543336,10,seasons,42,NC-17,False
Jack Ryan 203,Movie,Sci-Fi,Romance,German,India,JP,2017,7.2,29510,123,minutes,0,PG-13,False
Without Remorse 70,Movie,Horror,Mystery,Japanese,India,UK,2010,6.7,807669,118,minutes,0,PG,False
The Boys 874,TV Show,Fantasy,Adventure,Spanish,Japan,DE,2011,5.6,200112,7,seasons,79,NC-17,True
Hunters 417,Movie,Action,Horror,French,Japan,AU,2023,6.7,903025,133,minutes,0,R,False
Coming 2 America 371,TV Show,Drama,Mystery,German,Germany,JP,2017,6.9,811015,8,seasons,25,PG,False
Good Omens 347,TV Show,Horror,Mystery,French,Germany,US,2013,7.1,205412,5,seasons,7,PG,True
Utopia 809,TV Show,Action,Mystery,Mandarin,India,US,2012,6.2,781069,9,seasons,18,R,True
Sound of Metal 481,TV Show,Thriller,Horror,Mandarin,China,UK,2007,7.0,612463,7,seasons,54,G,False
The Marvelous Mrs. Maisel 907,TV Show,Romance,Mystery,Spanish,France,DE,2011,7.1,32607,1,seasons,40,R,True
Good Omens 551,TV Show,Romance,Mystery,Spanish,Japan,US,2019,6.5,424845,8,seasons,22,NC-17,True
The Peripheral 627,TV Show,Fantasy,Adventure,French,France,AU,2005,6.1,705901,10,seasons,52,NC-17,False
Hunters 836,TV Show,Action,Mystery,Hindi,China,DE,2019,8.9,581662,8,seasons,100,G,False
Invincible 861,TV Show,Comedy,Adventure,Hindi,France,UK,2015,6.5,828198,8,seasons,89,G,False
Sound of Metal 597,Movie,Documentary,Horror,Hindi,France,US,2005,7.5,854656,155,minutes,0,PG-13,True
The Boys Presents: Diabolical 812,TV Show,Romance,Romance,German,India,JP,2009,7.0,881615,4,seasons,28,PG,True
Homecoming 536,TV Show,Horror,Mystery,Japanese,Australia,US,2011,6.9,130288,4,seasons,65,R,False
The Boys 541,TV Show,Documentary,Romance,Mandarin,France,AU,2016,7.8,594872,1,seasons,44,PG-13,True
The Grand Tour 659,TV Show,Action,Romance,English,Germany,JP,2018,5.3,480836,8,seasons,19,PG-13,False
Hunters 157,TV Show,Thriller,Romance,French,China,US,2010,5.0,501609,6,seasons,100,G,True
Tales from the Loop 148,Movie,Sci-Fi,Romance,German,Japan,JP,2011,7.1,543271,147,minutes,0,PG,False
Tales from the Loop 780,TV Show,Sci-Fi,Romance,Mandarin,France,DE,2019,8.5,458722,3,seasons,61,PG,True
The Man in the High Castle 534,Movie,Documentary,Romance,English,Germany,US,2010,7.8,237106,114,minutes,0,G,False
The Grand Tour 76,Movie,Action,Horror,Mandarin,Germany,US,2002,5.4,823115,68,minutes,0,G,True
The Lord of the Rings: The Rings of Power 454,TV Show,Thriller,Romance,Mandarin,Australia,AU,2003,5.8,315012,6,seasons,98,R,True
The Grand Tour 918,TV Show,Drama,Romance,Mandarin,India,DE,2005,8.4,342804,4,seasons,7,PG-13,True
The Lord of the Rings: The Rings of Power 999,TV Show,Fantasy,Adventure,Mandarin,India,UK,2017,5.4,129414,4,seasons,86,R,True
The Wilds 100,TV Show,Romance,Romance,Mandarin,China,JP,2018,5.1,103569,8,seasons,39,PG,False
Upload 38,TV Show,Fantasy,Romance,Hindi,India,JP,2017,5.6,481138,9,seasons,41,PG,False
The Expanse 13,Movie,Romance,Horror,Mandarin,China,US,2021,7.9,473350,169,minutes,0,NC-17,True
Jack Ryan 907,Movie,Action,Adventure,Mandarin,Japan,AU,2005,8.4,315497,164,minutes,0,PG-13,True
Hanna 168,Movie,Comedy,Mystery,French,Canada,US,2016,7.5,675940,76,minutes,0,R,False
The Legend of Vox Machina 423,TV Show,Documentary,Adventure,French,Germany,DE,2014,7.6,626680,4,seasons,77,R,False
The Wheel of Time 460,TV Show,Documentary,Mystery,English,India,US,2020,8.8,54201,7,seasons,26,R,False
The Expanse 15,Movie,Comedy,Romance,Spanish,Japan,JP,2020,6.0,222147,82,minutes,0,NC-17,True
Panic 816,Movie,Drama,Romance,English,UK,UK,2001,5.2,364095,141,minutes,0,NC-17,True
Sound of Metal 872,TV Show,Comedy,Mystery,Mandarin,Australia,US,2017,8.6,380278,8,seasons,35,PG-13,True
Fleabag 811,Movie,Documentary,Horror,Spanish,Japan,DE,2001,6.9,325185,153,minutes,0,PG-13,True
The Terminal List 79,Movie,Horror,Romance,Mandarin,France,AU,2002,5.6,183703,154,minutes,0,NC-17,True
The Legend of Vox Machina 319,Movie,Romance,Romance,Mandarin,Germany,DE,2003,6.1,797130,178,minutes,0,R,False
The Expanse 963,Movie,Sci-Fi,Horror,English,UK,JP,2000,6.4,365331,177,minutes,0,G,False
Borat Subsequent Moviefilm 472,Movie,Action,Adventure,French,UK,UK,2015,6.0,21039,142,minutes,0,G,True
Sound of Metal 257,TV Show,Horror,Adventure,French,Japan,JP,2004,8.1,425581,6,seasons,21,G,True
Outer Range 314,TV Show,Sci-Fi,Horror,Hindi,France,DE,2008,7.6,591173,6,seasons,95,G,False
One Night in Miami 263,Movie,Documentary,Horror,Mandarin,Canada,DE,2008,6.3,503903,128,minutes,0,PG-13,False
Good Omens 902,TV Show,Thriller,Romance,Mandarin,India,US,2005,7.7,89584,2,seasons,32,G,False
Coming 2 America 907,TV Show,Fantasy,Mystery,Mandarin,Japan,UK,2012,6.5,333278,4,seasons,37,G,False
Tom Clancy's Without Remorse 290,TV Show,Drama,Romance,Hindi,UK,DE,2008,8.8,387539,3,seasons,63,R,True
The Peripheral 93,Movie,Documentary,Romance,Japanese,India,AU,2016,5.9,418638,145,minutes,0,PG,False
Tales from the Loop 719,Movie,Romance,Adventure,Mandarin,USA,US,2012,7.1,212388,100,minutes,0,NC-17,False
The Lord of the Rings: The Rings of Power 127,TV Show,Drama,Mystery,Mandarin,USA,AU,2003,6.3,226615,4,seasons,62,R,True
Hunters 69,Movie,Drama,Adventure,English,USA,US,2020,5.8,974909,106,minutes,0,PG,False
Outer Range 536,Movie,Drama,Mystery,Japanese,India,DE,2006,7.0,296475,123,minutes,0,G,True
The Wilds 87,Movie,Sci-Fi,Mystery,English,Australia,JP,2001,7.1,133280,148,minutes,0,G,True
One Night in Miami 24,Movie,Comedy,Mystery,English,India,DE,2013,6.0,143535,178,minutes,0,NC-17,False
Utopia 831,TV Show,Comedy,Romance,Hindi,Japan,US,2022,8.7,732870,5,seasons,58,G,True
Borat Subsequent Moviefilm 734,Movie,Horror,Romance,Mandarin,Germany,UK,2016,6.1,570323,158,minutes,0,R,False
Hunters 676,TV Show,Comedy,Romance,Spanish,Australia,US,2016,5.5,200319,1,seasons,32,G,True
The Expanse 55,Movie,Documentary,Romance,English,USA,DE,2006,8.8,849595,79,minutes,0,G,True
The Peripheral 856,TV Show,Documentary,Horror,Japanese,Germany,AU,2007,6.8,175104,1,seasons,73,PG-13,True
A League of Their Own 742,TV Show,Thriller,Romance,Mandarin,Canada,AU,2017,5.8,771455,4,seasons,14,NC-17,True
Panic 34,Movie,Comedy,Romance,Hindi,Canada,AU,2010,6.0,91438,150,minutes,0,G,False
Borat Subsequent Moviefilm 595,Movie,Fantasy,Adventure,German,Japan,UK,2018,7.2,790457,171,minutes,0,PG-13,False
One Night in Miami 690,Movie,Fantasy,Romance,Mandarin,Australia,JP,2016,6.9,482880,85,minutes,0,R,True
The Underground Railroad 131,TV Show,Drama,Adventure,French,USA,UK,2019,5.6,574031,8,seasons,77,R,False
Coming 2 America 805,TV Show,Drama,Horror,Spanish,Japan,AU,2015,5.4,176937,4,seasons,34,PG-13,True
Outer Range 557,Movie,Documentary,Romance,Hindi,Germany,AU,2003,5.2,571134,74,minutes,0,PG-13,True
The Man in the High Castle 137,TV Show,Thriller,Mystery,Spanish,UK,AU,2002,8.3,78915,8,seasons,42,R,True
The Grand Tour 215,TV Show,Drama,Horror,Japanese,Canada,UK,2004,7.8,756916,4,seasons,75,PG,False
The Lord of the Rings: The Rings of Power 750,Movie,Thriller,Romance,Hindi,UK,AU,2006,5.1,251278,84,minutes,0,R,False
Homecoming 562,TV Show,Sci-Fi,Romance,Hindi,India,US,2015,5.7,588016,7,seasons,98,R,False
Them 149,TV Show,Drama,Horror,Hindi,Germany,US,2009,7.7,305524,4,seasons,82,R,True
The Terminal List 929,TV Show,Comedy,Horror,Spanish,Canada,US,2009,6.0,447639,4,seasons,97,PG,True
Hunters 67,Movie,Comedy,Romance,French,UK,JP,2019,7.3,633866,146,minutes,0,NC-17,True
A League of Their Own 819,TV Show,Sci-Fi,Romance,German,China,DE,2013,8.9,493418,9,seasons,60,G,True
The Boys 302,TV Show,Horror,Horror,Mandarin,Canada,DE,2010,7.5,910064,3,seasons,3,R,False
Bosch 477,Movie,Sci-Fi,Adventure,Hindi,Japan,DE,2020,7.5,474877,168,minutes,0,PG-13,False
Jack Ryan 904,TV Show,Comedy,Horror,Japanese,Canada,AU,2008,6.1,188490,2,seasons,31,NC-17,True
The Peripheral 131,Movie,Horror,Romance,Spanish,India,US,2009,6.4,84834,153,minutes,0,PG-13,True
The Grand Tour 360,Movie,Documentary,Romance,English,Japan,JP,2006,8.8,192330,180,minutes,0,G,True
Homecoming 14,Movie,Action,Adventure,French,China,JP,2017,8.2,223093,172,minutes,0,NC-17,True
The Terminal List 280,Movie,Thriller,Horror,Hindi,USA,US,2004,5.9,562209,163,minutes,0,R,False
A League of Their Own 892,TV Show,Thriller,Adventure,German,UK,JP,2022,8.6,834380,3,seasons,77,PG,False
Bosch 559,Movie,Romance,Horror,Japanese,Germany,UK,2018,8.1,409506,179,minutes,0,PG,True
A League of Their Own 151,TV Show,Thriller,Horror,Hindi,Canada,JP,2000,5.9,815438,1,seasons,70,PG-13,False
The Marvelous Mrs. Maisel 376,Movie,Sci-Fi,Horror,Japanese,Canada,US,2011,9.0,210663,135,minutes,0,G,True
The Marvelous Mrs. Maisel 213,TV Show,Comedy,Adventure,English,France,JP,2014,6.6,860779,3,seasons,2,PG-13,True
Outer Range 637,Movie,Sci-Fi,Adventure,Japanese,UK,AU,2009,5.4,955237,117,minutes,0,PG,True
The Underground Railroad 40,TV Show,Romance,Romance,Hindi,Canada,UK,2012,6.4,299281,4,seasons,52,PG,False
Without Remorse 359,Movie,Fantasy,Adventure,German,Canada,US,2022,7.9,711045,79,minutes,0,PG-13,False
Hanna 587,TV Show,Romance,Romance,English,Canada,UK,2020,5.7,513145,1,seasons,7,G,False
The Summer I Turned Pretty 928,TV Show,Thriller,Adventure,Spanish,Germany,AU,2003,7.8,503126,5,seasons,65,NC-17,True
The Underground Railroad 371,Movie,Documentary,Romance,Spanish,USA,AU,2009,6.1,537586,167,minutes,0,PG,True
The Grand Tour 503,TV Show,Action,Romance,French,Japan,JP,2018,6.0,858282,10,seasons,78,NC-17,True
Carnival Row 367,Movie,Documentary,Mystery,Hindi,France,UK,2015,6.4,978251,80,minutes,0,PG,False
Tom Clancy's Without Remorse 10,TV Show,Documentary,Adventure,English,USA,UK,2016,7.6,730296,6,seasons,26,NC-17,True
The Peripheral 876,Movie,Romance,Romance,Mandarin,USA,JP,2014,6.5,504529,101,minutes,0,NC-17,False
The Underground Railroad 743,Movie,Fantasy,Horror,German,Canada,US,2022,5.7,147904,143,minutes,0,NC-17,False
The Boys 392,TV Show,Fantasy,Adventure,French,Canada,UK,2004,6.5,256552,8,seasons,76,R,True
Reacher 633,Movie,Documentary,Adventure,German,Japan,US,2022,7.2,947536,126,minutes,0,G,False
Jack Ryan 887,TV Show,Action,Mystery,Spanish,USA,DE,2005,6.3,142283,3,seasons,77,NC-17,True
The Boys Presents: Diabolical 354,TV Show,Documentary,Romance,Japanese,France,AU,2013,7.5,698214,5,seasons,63,PG,True
Panic 772,Movie,Fantasy,Mystery,English,UK,US,2012,8.9,92323,138,minutes,0,R,False
The Wilds 675,TV Show,Comedy,Mystery,French,UK,JP,2003,5.0,576527,6,seasons,97,NC-17,False
The Boys 487,Movie,Sci-Fi,Romance,English,India,AU,2019,5.4,11076,136,minutes,0,PG-13,True
Coming 2 America 12,Movie,Romance,Romance,English,Australia,US,2000,7.8,538605,139,minutes,0,PG-13,False
Fleabag 992,TV Show,Drama,Horror,French,Germany,US,2012,5.8,715878,1,seasons,41,NC-17,True
Good Omens 761,Movie,Horror,Adventure,English,Australia,DE,2000,5.4,552747,109,minutes,0,G,False
Good Omens 366,Movie,Thriller,Romance,French,France,JP,2001,7.4,647972,135,minutes,0,NC-17,True
The Tomorrow War 730,TV Show,Romance,Horror,German,Australia,AU,2012,7.6,33116,10,seasons,5,PG,False
The Boys 113,Movie,Comedy,Adventure,Mandarin,Canada,AU,2008,8.3,121927,171,minutes,0,G,True
Tom Clancy's Without Remorse 92,Movie,Fantasy,Romance,Spanish,Australia,DE,2000,5.7,614782,64,minutes,0,NC-17,False
Coming 2 America 597,Movie,Fantasy,Adventure,German,China,UK,2012,6.1,457528,85,minutes,0,G,False
Them 345,TV Show,Comedy,Adventure,Mandarin,Australia,AU,2017,8.8,145507,8,seasons,10,PG-13,False
Invincible 461,Movie,Drama,Romance,German,France,JP,2023,7.2,655480,143,minutes,0,NC-17,True
The Legend of Vox Machina 882,TV Show,Sci-Fi,Horror,Mandarin,Germany,UK,2022,7.1,764204,9,seasons,39,R,False
One Night in Miami 74,Movie,Thriller,Mystery,Mandarin,USA,UK,2000,8.6,63082,163,minutes,0,PG,True
The Tomorrow War 40,TV Show,Horror,Adventure,German,Japan,AU,2021,8.0,444922,2,seasons,16,R,False
One Night in Miami 107,TV Show,Thriller,Mystery,German,China,JP,2008,6.2,910105,3,seasons,7,PG,False
Borat Subsequent Moviefilm 763,Movie,Romance,Adventure,French,Australia,US,2016,8.5,665502,79,minutes,0,NC-17,True
The Boys 967,Movie,Action,Mystery,Mandarin,Germany,UK,2013,6.2,531559,92,minutes,0,PG,False
Good Omens 285,Movie,Drama,Horror,Mandarin,UK,JP,2003,7.0,966711,125,minutes,0,R,False
The Summer I Turned Pretty 789,TV Show,Drama,Adventure,German,France,US,2001,7.1,903945,6,seasons,69,R,False
Sound of Metal 11,TV Show,Drama,Horror,Spanish,Australia,JP,2011,7.5,64038,2,seasons,97,NC-17,False
The Peripheral 913,TV Show,Horror,Mystery,Hindi,India,JP,2011,6.4,150445,10,seasons,29,PG-13,False
The Marvelous Mrs. Maisel 674,TV Show,Horror,Romance,Mandarin,USA,AU,2000,6.0,128730,1,seasons,20,G,True
Homecoming 61,TV Show,Comedy,Romance,French,India,AU,2007,6.3,295014,10,seasons,25,NC-17,False
Coming 2 America 162,Movie,Thriller,Adventure,Hindi,Germany,UK,2013,5.5,473897,93,minutes,0,PG,True
Hanna 747,TV Show,Thriller,Adventure,Hindi,UK,AU,2006,6.7,83528,10,seasons,37,G,False
The Summer I Turned Pretty 878,TV Show,Romance,Romance,Hindi,Japan,UK,2013,5.9,858073,7,seasons,20,R,True
Fleabag 674,TV Show,Horror,Adventure,English,UK,US,2022,7.1,667429,9,seasons,15,R,False
Tom Clancy's Without Remorse 666,Movie,Fantasy,Horror,Spanish,France,DE,2003,6.7,340445,69,minutes,0,G,False
The Peripheral 875,TV Show,Drama,Horror,Spanish,USA,DE,2017,6.8,289526,10,seasons,81,R,False
Borat Subsequent Moviefilm 439,TV Show,Horror,Mystery,German,Japan,JP,2008,5.1,719900,6,seasons,55,PG,True
The Expanse 986,TV Show,Comedy,Mystery,Mandarin,China,DE,2018,5.9,716238,8,seasons,31,R,False
The Underground Railroad 811,Movie,Comedy,Horror,Spanish,UK,US,2017,7.9,676844,89,minutes,0,PG-13,True
The Grand Tour 688,TV Show,Drama,Adventure,Hindi,Japan,UK,2021,7.0,330166,3,seasons,8,R,False
Fleabag 902,TV Show,Fantasy,Mystery,Hindi,Canada,JP,2020,7.5,472007,2,seasons,24,NC-17,False
Sound of Metal 2,TV Show,Romance,Mystery,Japanese,Canada,JP,2012,5.6,923554,5,seasons,27,G,True
Borat Subsequent Moviefilm 499,TV Show,Horror,Mystery,French,USA,UK,2002,8.9,538411,8,seasons,81,G,True
Upload 721,TV Show,Sci-Fi,Mystery,French,Canada,JP,2022,7.2,38648,2,seasons,33,G,True
Homecoming 836,TV Show,Action,Romance,Spanish,Canada,UK,2010,7.0,701962,5,seasons,15,PG-13,True
Tom Clancy's Without Remorse 94,TV Show,Romance,Mystery,Hindi,China,US,2022,7.4,187561,2,seasons,54,G,True
The Man in the High Castle 29,Movie,Action,Mystery,German,Canada,UK,2016,7.2,119190,120,minutes,0,PG-13,False
The Wilds 242,Movie,Sci-Fi,Adventure,Japanese,China,JP,2018,5.0,824013,116,minutes,0,PG,True
The Tomorrow War 32,Movie,Fantasy,Mystery,English,India,JP,2013,7.0,985643,144,minutes,0,G,True
Homecoming 82,Movie,Thriller,Romance,Mandarin,Canada,AU,2001,7.5,645758,149,minutes,0,NC-17,True
The Boys Presents: Diabolical 300,TV Show,Documentary,Adventure,French,Canada,DE,2016,6.7,509907,10,seasons,25,PG-13,True
The Legend of Vox Machina 351,TV Show,Romance,Adventure,Japanese,France,JP,2004,6.9,690753,7,seasons,16,PG,True
Coming 2 America 855,Movie,Sci-Fi,Horror,French,Japan,JP,2009,8.1,289280,64,minutes,0,G,False
Upload 817,Movie,Fantasy,Horror,Japanese,France,US,2019,6.3,905727,112,minutes,0,PG-13,False
Homecoming 91,TV Show,Documentary,Mystery,Hindi,Germany,DE,2017,7.4,221906,4,seasons,95,PG,True
Coming 2 America 41,TV Show,Thriller,Adventure,Spanish,Germany,UK,2013,8.6,755999,1,seasons,50,G,True
The Underground Railroad 77,TV Show,Action,Horror,Japanese,Canada,US,2011,5.7,797945,4,seasons,77,NC-17,False
Jack Ryan 362,TV Show,Thriller,Romance,Hindi,Japan,US,2017,8.4,470553,10,seasons,83,PG,True
Upload 816,TV Show,Action,Horror,Mandarin,Australia,JP,2016,7.6,93738,6,seasons,84,G,True
Them 940,TV Show,Sci-Fi,Horror,English,France,US,2003,7.2,873914,6,seasons,81,PG-13,True
Tom Clancy's Without Remorse 11,Movie,Drama,Adventure,German,Germany,JP,2022,8.5,934920,172,minutes,0,NC-17,True
Hanna 751,TV Show,Documentary,Adventure,German,India,JP,2021,7.3,439396,3,seasons,51,R,False
The Man in the High Castle 157,Movie,Comedy,Horror,French,Canada,UK,2015,7.9,948564,63,minutes,0,R,True
The Legend of Vox Machina 520,Movie,Drama,Horror,English,UK,DE,2005,6.7,169167,124,minutes,0,G,True
Coming 2 America 639,TV Show,Sci-Fi,Romance,Spanish,Canada,AU,2015,8.9,62851,8,seasons,17,R,True
The Lord of the Rings: The Rings of Power 661,Movie,Action,Mystery,French,Australia,JP,2005,8.6,513606,127,minutes,0,R,True
Borat Subsequent Moviefilm 846,Movie,Action,Romance,English,China,JP,2007,6.0,457744,173,minutes,0,G,False
The Boys 916,TV Show,Horror,Horror,Mandarin,Canada,UK,2016,6.5,205636,10,seasons,100,G,False
Bosch 873,Movie,Drama,Romance,English,Germany,AU,2006,6.8,825751,102,minutes,0,G,True
Outer Range 794,TV Show,Comedy,Romance,Mandarin,UK,AU,2003,7.3,821004,2,seasons,47,NC-17,False
Coming 2 America 192,TV Show,Romance,Adventure,German,USA,UK,2017,6.3,353946,1,seasons,98,NC-17,False
The Terminal List 788,TV Show,Thriller,Adventure,Mandarin,USA,DE,2004,8.3,765421,6,seasons,5,PG-13,True
Coming 2 America 349,Movie,Thriller,Horror,English,Germany,UK,2023,7.9,561868,70,minutes,0,PG,False
Homecoming 881,TV Show,Romance,Romance,Japanese,China,DE,2011,8.1,461004,7,seasons,33,PG,True
The Grand Tour 630,TV Show,Thriller,Romance,Hindi,UK,US,2001,5.6,124639,5,seasons,86,G,False
Tales from the Loop 904,TV Show,Fantasy,Adventure,French,France,JP,2003,6.2,807415,2,seasons,27,G,False
Bosch 142,Movie,Sci-Fi,Mystery,Japanese,Japan,AU,2008,7.8,380075,104,minutes,0,R,True
The Terminal List 379,TV Show,Sci-Fi,Horror,Japanese,Australia,JP,2021,8.4,587514,6,seasons,11,NC-17,True
One Night in Miami 446,TV Show,Action,Romance,Japanese,USA,US,2023,8.4,388825,4,seasons,27,PG,False
Hanna 35,TV Show,Horror,Horror,Hindi,China,AU,2020,8.6,455231,5,seasons,64,G,True
Upload 323,Movie,Action,Mystery,English,Japan,US,2014,6.0,326866,145,minutes,0,R,True
The Summer I Turned Pretty 728,TV Show,Fantasy,Mystery,French,Australia,US,2006,6.9,916756,5,seasons,96,G,True
Outer Range 5,Movie,Horror,Mystery,Hindi,UK,AU,2011,7.1,685976,127,minutes,0,R,True
The Man in the High Castle 243,Movie,Fantasy,Adventure,Spanish,UK,DE,2006,6.3,152668,120,minutes,0,R,False
Good Omens 670,TV Show,Documentary,Mystery,Hindi,Germany,UK,2009,8.9,902600,6,seasons,85,G,False
Coming 2 America 525,TV Show,Romance,Horror,Mandarin,UK,US,2017,6.0,286115,6,seasons,16,G,False
Coming 2 America 93,Movie,Thriller,Mystery,English,India,JP,2008,9.0,954409,103,minutes,0,G,True
Homecoming 446,TV Show,Action,Mystery,German,Germany,US,2020,6.3,396507,9,seasons,49,PG,False
Utopia 823,TV Show,Sci-Fi,Romance,Japanese,USA,AU,2022,8.3,20883,2,seasons,50,PG-13,True
Borat Subsequent Moviefilm 818,Movie,Horror,Mystery,Mandarin,India,JP,2005,5.1,590853,79,minutes,0,R,False
The Wilds 165,TV Show,Documentary,Romance,Spanish,USA,AU,2010,7.0,3330,5,seasons,48,PG-13,True
Tom Clancy's Without Remorse 499,TV Show,Horror,Horror,French,India,AU,2005,5.8,594167,4,seasons,59,G,True
Good Omens 251,TV Show,Comedy,Romance,French,Japan,DE,2007,8.8,501490,3,seasons,40,NC-17,False
The Boys Presents: Diabolical 892,TV Show,Horror,Mystery,Mandarin,Canada,UK,2007,6.9,834924,7,seasons,19,G,False
The Summer I Turned Pretty 309,Movie,Comedy,Romance,French,Germany,DE,2022,8.3,424797,96,minutes,0,PG-13,False
The Summer I Turned Pretty 355,Movie,Comedy,Mystery,French,Australia,US,2004,8.9,316859,175,minutes,0,R,False
Homecoming 503,Movie,Thriller,Mystery,English,Australia,US,2011,7.8,478067,146,minutes,0,R,False
Reacher 379,TV Show,Sci-Fi,Mystery,French,Australia,US,2020,7.3,721441,6,seasons,73,G,True
The Boys 490,TV Show,Comedy,Horror,English,Germany,UK,2022,5.1,92061,7,seasons,64,G,False
The Peripheral 502,TV Show,Action,Adventure,Hindi,UK,UK,2008,8.3,244665,2,seasons,48,R,False
Utopia 955,Movie,Fantasy,Adventure,French,Japan,US,2022,5.7,897676,76,minutes,0,G,True
One Night in Miami 534,Movie,Thriller,Horror,Spanish,China,DE,2007,8.0,143789,137,minutes,0,PG,False
Outer Range 945,TV Show,Action,Romance,Spanish,India,JP,2013,7.5,932684,3,seasons,58,G,True
Jack Ryan 631,TV Show,Fantasy,Adventure,English,Germany,DE,2003,7.5,506406,8,seasons,49,PG,False
Fleabag 183,Movie,Thriller,Adventure,Spanish,Canada,AU,2000,7.5,813337,141,minutes,0,PG,True
A League of Their Own 45,Movie,Comedy,Horror,Mandarin,India,UK,2008,5.1,68518,87,minutes,0,R,False
Hunters 628,Movie,Romance,Mystery,English,Japan,JP,2019,7.7,707826,111,minutes,0,R,True
The Underground Railroad 673,TV Show,Drama,Mystery,English,Germany,UK,2008,7.2,110594,7,seasons,30,NC-17,False
The Underground Railroad 629,Movie,Thriller,Mystery,French,India,US,2015,9.0,248048,73,minutes,0,G,False
Reacher 189,TV Show,Action,Mystery,Spanish,Japan,AU,2009,6.3,503616,9,seasons,3,PG-13,False
Utopia 375,TV Show,Horror,Mystery,German,China,US,2020,8.3,569231,1,seasons,65,G,False
Them 526,Movie,Documentary,Horror,Mandarin,Australia,US,2013,6.4,92022,63,minutes,0,NC-17,False
Them 95,TV Show,Thriller,Mystery,English,Germany,JP,2015,7.6,616819,10,seasons,10,PG,True
Hunters 524,TV Show,Documentary,Adventure,German,USA,AU,2004,8.7,857323,4,seasons,69,R,False
Outer Range 365,Movie,Documentary,Horror,French,China,DE,2000,5.9,332508,63,minutes,0,PG-13,True
Sound of Metal 210,Movie,Drama,Adventure,Mandarin,UK,DE,2011,6.4,824966,113,minutes,0,PG-13,False
The Terminal List 709,Movie,Drama,Horror,English,Germany,JP,2016,7.6,800572,160,minutes,0,R,True
Borat Subsequent Moviefilm 832,TV Show,Action,Mystery,Mandarin,India,JP,2009,8.6,603864,3,seasons,2,NC-17,True
Upload 450,TV Show,Documentary,Mystery,French,Japan,US,2021,6.9,700500,3,seasons,53,G,True
Fleabag 238,Movie,Documentary,Horror,Japanese,Germany,UK,2015,6.7,263030,87,minutes,0,G,False
Homecoming 287,Movie,Action,Mystery,Mandarin,France,UK,2012,5.1,835502,85,minutes,0,NC-17,False
Hunters 176,Movie,Romance,Adventure,French,USA,DE,2021,5.5,186899,144,minutes,0,PG,True
The Expanse 218,TV Show,Documentary,Adventure,Mandarin,Germany,UK,2007,8.2,531883,3,seasons,41,PG-13,True
Bosch 402,TV Show,Thriller,Adventure,Spanish,Japan,JP,2000,8.8,19198,3,seasons,92,G,False
The Man in the High Castle 642,TV Show,Horror,Horror,Japanese,Canada,UK,2016,6.3,636035,10,seasons,95,G,False
Them 15,TV Show,Drama,Horror,Hindi,Japan,JP,2016,5.2,736814,8,seasons,73,PG-13,False
The Grand Tour 113,Movie,Horror,Romance,Japanese,Japan,UK,2002,8.7,974289,98,minutes,0,PG,True
Invincible 822,TV Show,Sci-Fi,Horror,Hindi,UK,AU,2016,8.7,727316,8,seasons,11,G,True
Good Omens 400,TV Show,Fantasy,Romance,Mandarin,Australia,DE,2005,7.5,43614,7,seasons,84,R,True
Bosch 508,TV Show,Documentary,Adventure,Mandarin,Japan,AU,2000,6.8,507208,8,seasons,96,NC-17,False
The Wheel of Time 46,TV Show,Fantasy,Adventure,French,UK,UK,2016,5.3,159545,4,seasons,39,PG,True
Hunters 414,Movie,Documentary,Mystery,German,Canada,AU,2022,6.1,710955,137,minutes,0,R,False
One Night in Miami 996,Movie,Action,Romance,English,Australia,DE,2004,6.9,818569,92,minutes,0,R,False
Fleabag 789,Movie,Thriller,Romance,Mandarin,France,US,2004,8.6,898361,74,minutes,0,NC-17,True
Panic 234,Movie,Horror,Mystery,Japanese,France,DE,2022,6.0,622270,72,minutes,0,PG,True
Jack Ryan 137,TV Show,Romance,Mystery,German,Germany,UK,2006,7.3,281450,7,seasons,32,PG-13,False
The Grand Tour 871,Movie,Drama,Horror,German,France,DE,2022,5.9,513974,154,minutes,0,PG-13,True
Outer Range 252,TV Show,Comedy,Adventure,French,Germany,US,2023,8.6,966808,8,seasons,43,PG,False
Outer Range 329,TV Show,Documentary,Mystery,Spanish,Germany,AU,2004,6.8,782904,8,seasons,30,PG,False
Upload 372,TV Show,Fantasy,Mystery,Spanish,India,JP,2003,5.3,288652,9,seasons,7,G,False
The Lord of the Rings: The Rings of Power 124,Movie,Horror,Adventure,Spanish,Australia,DE,2011,8.0,944256,131,minutes,0,PG-13,True
Upload 801,Movie,Action,Romance,French,China,DE,2017,7.0,944082,121,minutes,0,PG-13,True
The Grand Tour 821,TV Show,Comedy,Romance,Japanese,UK,US,2012,5.6,857037,4,seasons,86,PG-13,True
Reacher 10,TV Show,Horror,Mystery,Mandarin,China,JP,2012,7.4,319367,1,seasons,7,PG-13,True
The Marvelous Mrs. Maisel 460,TV Show,Comedy,Horror,French,UK,AU,2022,5.6,109079,5,seasons,16,PG,True
A League of Their Own 439,Movie,Thriller,Mystery,English,Germany,DE,2016,8.9,518166,157,minutes,0,NC-17,False
Tom Clancy's Without Remorse 23,Movie,Action,Mystery,Spanish,Germany,JP,2014,8.3,631975,87,minutes,0,R,False
Them 952,TV Show,Drama,Romance,Spanish,USA,UK,2019,6.8,184845,5,seasons,1,NC-17,True
Upload 63,Movie,Comedy,Mystery,French,Germany,US,2006,5.6,878421,74,minutes,0,PG-13,True
Panic 742,TV Show,Fantasy,Mystery,Spanish,France,UK,2015,5.2,992983,6,seasons,97,G,True
Fleabag 299,Movie,Comedy,Mystery,French,UK,AU,2012,8.7,548885,94,minutes,0,PG-13,True
The Grand Tour 346,Movie,Sci-Fi,Romance,French,UK,US,2021,7.0,509754,96,minutes,0,PG-13,True
The Legend of Vox Machina 682,Movie,Documentary,Romance,German,China,DE,2003,7.1,538518,142,minutes,0,PG-13,True
A League of Their Own 27,Movie,Action,Horror,Spanish,USA,US,2014,6.3,472717,126,minutes,0,R,False
The Marvelous Mrs. Maisel 709,Movie,Fantasy,Romance,Hindi,China,UK,2013,6.2,447797,114,minutes,0,G,True
The Tomorrow War 795,Movie,Documentary,Horror,French,France,AU,2001,5.5,258094,157,minutes,0,NC-17,True
Them 620,Movie,Sci-Fi,Adventure,German,Japan,AU,2016,8.8,408274,75,minutes,0,R,True
Tales from the Loop 931,TV Show,Documentary,Horror,French,France,DE,2015,7.5,140364,9,seasons,60,G,True
Tom Clancy's Without Remorse 516,Movie,Romance,Romance,French,France,DE,2018,8.0,893746,75,minutes,0,R,True
The Man in the High Castle 242,Movie,Sci-Fi,Adventure,Japanese,Australia,JP,2009,8.9,438575,89,minutes,0,G,False
Good Omens 706,Movie,Horror,Horror,English,India,US,2017,8.1,998709,175,minutes,0,NC-17,False
Tom Clancy's Without Remorse 64,Movie,Fantasy,Mystery,Mandarin,UK,UK,2008,6.7,914666,85,minutes,0,PG,False
Upload 560,Movie,Romance,Romance,English,India,UK,2000,5.3,435131,69,minutes,0,G,True
The Expanse 994,TV Show,Sci-Fi,Mystery,Mandarin,China,AU,2023,6.7,775844,10,seasons,42,G,True
The Underground Railroad 331,Movie,Comedy,Romance,Spanish,Germany,US,2017,5.4,845241,177,minutes,0,NC-17,True
The Summer I Turned Pretty 259,TV Show,Romance,Adventure,Hindi,China,JP,2010,8.1,339576,8,seasons,44,PG,False
Fleabag 995,TV Show,Documentary,Horror,Spanish,USA,AU,2008,6.0,348770,1,seasons,45,G,True
The Wheel of Time 821,TV Show,Fantasy,Romance,Spanish,Canada,JP,2012,8.8,786410,1,seasons,55,R,True
The Wilds 735,Movie,Comedy,Romance,French,Australia,UK,2006,5.8,144244,78,minutes,0,G,True
Borat Subsequent Moviefilm 428,Movie,Romance,Romance,Hindi,India,AU,2004,6.2,769119,91,minutes,0,NC-17,False
The Terminal List 17,Movie,Sci-Fi,Adventure,French,Australia,JP,2010,6.0,754606,74,minutes,0,NC-17,False
The Peripheral 45,Movie,Comedy,Mystery,French,UK,AU,2021,7.0,882419,131,minutes,0,G,True
Fleabag 981,TV Show,Drama,Mystery,French,China,AU,2000,6.4,914354,4,seasons,54,PG-13,True
The Underground Railroad 786,TV Show,Thriller,Romance,Spanish,Germany,JP,2008,9.0,709529,8,seasons,54,NC-17,False
Bosch 426,Movie,Horror,Adventure,English,Germany,US,2017,8.4,130520,120,minutes,0,R,True
The Grand Tour 251,Movie,Romance,Horror,Japanese,Japan,DE,2000,8.5,678502,98,minutes,0,G,True
The Wilds 89,Movie,Thriller,Mystery,Japanese,UK,US,2001,5.1,864894,161,minutes,0,R,True
The Wilds 788,TV Show,Horror,Adventure,Japanese,UK,AU,2019,7.0,590496,2,seasons,99,G,True
Without Remorse 841,Movie,Documentary,Adventure,French,China,DE,2002,8.6,913569,154,minutes,0,R,False
Hanna 410,Movie,Documentary,Horror,Mandarin,China,UK,2018,5.4,995657,162,minutes,0,R,True
Sound of Metal 836,TV Show,Documentary,Horror,German,France,UK,2021,7.9,891532,5,seasons,25,NC-17,True
Upload 500,Movie,Sci-Fi,Romance,Spanish,UK,US,2014,7.1,290311,126,minutes,0,R,False
Coming 2 America 317,TV Show,Sci-Fi,Mystery,Mandarin,India,UK,2014,6.5,992350,4,seasons,22,PG,False
Without Remorse 969,Movie,Action,Adventure,German,USA,AU,2015,7.4,17354,123,minutes,0,PG-13,True
Hanna 767,Movie,Action,Adventure,Spanish,India,DE,2008,7.8,356550,131,minutes,0,PG-13,False
Fleabag 822,Movie,Documentary,Horror,Mandarin,Canada,US,2007,7.7,833065,84,minutes,0,NC-17,False
The Boys 249,Movie,Fantasy,Adventure,Mandarin,France,DE,2006,5.2,513843,110,minutes,0,G,False
The Wheel of Time 933,Movie,Sci-Fi,Romance,Japanese,India,DE,2000,8.4,179394,108,minutes,0,PG,True
One Night in Miami 986,TV Show,Comedy,Mystery,Japanese,China,US,2021,7.9,306696,7,seasons,46,PG-13,True
Invincible 482,Movie,Romance,Adventure,Spanish,Japan,AU,2001,5.2,468500,155,minutes,0,PG-13,True
The Wheel of Time 963,TV Show,Thriller,Horror,Spanish,Australia,DE,2022,8.3,322913,3,seasons,28,R,True
The Terminal List 77,TV Show,Drama,Adventure,German,Japan,US,2004,7.9,803828,3,seasons,64,NC-17,True
Carnival Row 583,Movie,Sci-Fi,Horror,Mandarin,India,JP,2018,5.8,305908,93,minutes,0,G,False
The Expanse 874,Movie,Fantasy,Adventure,Hindi,Canada,DE,2001,8.5,581316,163,minutes,0,PG-13,True
The Grand Tour 466,Movie,Action,Adventure,Japanese,Australia,UK,2003,5.6,773548,125,minutes,0,PG,False
The Expanse 257,TV Show,Thriller,Romance,Hindi,Canada,US,2007,8.9,474497,2,seasons,2,G,False
The Expanse 559,TV Show,Romance,Horror,Hindi,Canada,UK,2016,5.5,14179,1,seasons,18,G,True
Reacher 242,TV Show,Documentary,Romance,English,UK,JP,2020,6.7,900766,10,seasons,31,PG-13,True
Hanna 92,TV Show,Sci-Fi,Horror,Hindi,Japan,US,2023,5.6,921126,3,seasons,18,G,True
The Man in the High Castle 799,Movie,Fantasy,Adventure,Hindi,USA,AU,2006,7.2,463337,155,minutes,0,R,True
Borat Subsequent Moviefilm 27,TV Show,Action,Adventure,German,Australia,DE,2013,7.1,950958,1,seasons,8,NC-17,False
One Night in Miami 219,TV Show,Drama,Mystery,Japanese,UK,AU,2003,7.6,126025,10,seasons,22,R,True
The Underground Railroad 874,TV Show,Documentary,Romance,French,China,US,2000,5.8,718648,10,seasons,51,G,False
The Peripheral 898,Movie,Action,Mystery,Mandarin,Germany,DE,2020,8.7,873361,97,minutes,0,NC-17,True
Borat Subsequent Moviefilm 662,TV Show,Drama,Adventure,Japanese,Japan,UK,2019,5.7,16717,6,seasons,63,NC-17,True
The Marvelous Mrs. Maisel 922,Movie,Sci-Fi,Adventure,Mandarin,China,JP,2002,7.4,969465,70,minutes,0,PG,True
Reacher 811,TV Show,Horror,Mystery,Mandarin,Australia,JP,2013,5.3,274422,7,seasons,36,PG-13,False
Hanna 919,TV Show,Comedy,Adventure,English,Japan,JP,2013,6.7,138977,7,seasons,24,R,True
Invincible 227,TV Show,Sci-Fi,Mystery,Hindi,Australia,JP,2009,6.6,371024,4,seasons,66,R,True
Hanna 540,TV Show,Fantasy,Mystery,Japanese,Canada,US,2001,8.5,671336,1,seasons,7,NC-17,False
Reacher 166,TV Show,Documentary,Romance,Japanese,Japan,US,2005,8.3,586885,7,seasons,90,NC-17,False
Hanna 189,TV Show,Thriller,Adventure,Hindi,Japan,US,2010,6.7,200864,5,seasons,74,PG-13,False
Coming 2 America 595,TV Show,Sci-Fi,Mystery,Hindi,Germany,AU,2014,5.5,317988,4,seasons,44,PG,True
Without Remorse 266,Movie,Horror,Adventure,German,Germany,UK,2005,7.6,470826,175,minutes,0,PG,True
Panic 63,Movie,Sci-Fi,Mystery,Hindi,China,UK,2018,6.9,634433,67,minutes,0,R,False
The Marvelous Mrs. Maisel 799,Movie,Fantasy,Adventure,French,Canada,AU,2023,8.9,637576,160,minutes,0,PG-13,False
One Night in Miami 56,TV Show,Horror,Horror,Mandarin,Japan,DE,2021,6.7,583158,3,seasons,79,NC-17,True
Tales from the Loop 303,Movie,Comedy,Mystery,Mandarin,Japan,JP,2011,7.2,39475,137,minutes,0,PG-13,False
One Night in Miami 161,TV Show,Fantasy,Mystery,English,USA,JP,2022,8.2,815467,3,seasons,29,G,False
The Underground Railroad 864,TV Show,Thriller,Mystery,German,UK,UK,2018,6.7,918876,1,seasons,42,G,True
The Wilds 624,Movie,Action,Horror,French,UK,AU,2017,5.1,542569,160,minutes,0,PG,True
Fleabag 698,Movie,Sci-Fi,Romance,Hindi,Australia,UK,2003,8.4,744405,150,minutes,0,G,True
Invincible 923,TV Show,Drama,Mystery,French,Canada,US,2017,5.0,621432,10,seasons,46,R,False
Reacher 514,TV Show,Thriller,Mystery,Japanese,Canada,JP,2013,8.5,391229,4,seasons,60,PG-13,True
Sound of Metal 907,TV Show,Action,Adventure,Hindi,India,AU,2017,6.7,198917,4,seasons,26,NC-17,True
Invincible 282,TV Show,Fantasy,Mystery,Japanese,Australia,US,2008,7.1,155670,1,seasons,79,PG,False
Fleabag 431,TV Show,Romance,Romance,Japanese,India,DE,2016,8.3,572904,9,seasons,66,NC-17,True
The Boys 270,TV Show,Sci-Fi,Romance,English,China,US,2004,8.5,772546,1,seasons,50,NC-17,False
Bosch 185,TV Show,Thriller,Mystery,Mandarin,Canada,UK,2018,6.0,102782,7,seasons,52,PG-13,True
Jack Ryan 708,Movie,Romance,Romance,Spanish,China,AU,2019,8.8,91904,137,minutes,0,NC-17,False
A League of Their Own 192,TV Show,Sci-Fi,Romance,Japanese,China,JP,2000,8.3,638363,7,seasons,92,G,False
The Man in the High Castle 800,TV Show,Action,Mystery,Mandarin,USA,JP,2023,6.4,444561,3,seasons,61,R,False
Upload 475,Movie,Horror,Mystery,English,India,AU,2012,5.4,356007,92,minutes,0,PG-13,True
Hunters 284,Movie,Thriller,Horror,Spanish,France,JP,2007,8.6,16657,81,minutes,0,R,True
The Grand Tour 411,TV Show,Thriller,Adventure,Spanish,USA,DE,2010,7.1,543251,6,seasons,30,PG,False
Them 879,TV Show,Sci-Fi,Adventure,Japanese,China,JP,2012,8.1,631775,7,seasons,17,PG,False
Hanna 670,Movie,Sci-Fi,Adventure,French,Australia,US,2022,7.1,304848,86,minutes,0,PG,True
A League of Their Own 343,Movie,Drama,Adventure,Mandarin,UK,AU,2001,5.6,810863,167,minutes,0,R,False
The Wilds 231,TV Show,Thriller,Romance,German,China,US,2012,5.2,940353,8,seasons,70,PG-13,True
Carnival Row 64,TV Show,Fantasy,Horror,Hindi,France,UK,2003,8.6,392385,1,seasons,8,NC-17,False
The Boys 253,TV Show,Drama,Adventure,Spanish,UK,DE,2010,7.1,280111,9,seasons,39,G,True
Utopia 343,Movie,Sci-Fi,Mystery,Hindi,Japan,DE,2012,6.8,165024,74,minutes,0,G,False
Hanna 165,Movie,Documentary,Mystery,French,China,JP,2014,5.4,389879,140,minutes,0,NC-17,True
The Grand Tour 22,Movie,Thriller,Adventure,Japanese,UK,AU,2005,5.5,952170,62,minutes,0,PG,True
The Underground Railroad 689,TV Show,Action,Romance,German,Australia,US,2001,6.1,181488,3,seasons,65,PG-13,False
Reacher 855,TV Show,Drama,Mystery,Japanese,USA,AU,2020,8.2,346733,1,seasons,88,NC-17,False
The Summer I Turned Pretty 230,TV Show,Thriller,Romance,French,USA,AU,2015,6.0,996269,9,seasons,60,PG,True
The Legend of Vox Machina 258,TV Show,Action,Adventure,French,USA,DE,2001,7.9,122721,5,seasons,95,PG-13,True
The Legend of Vox Machina 370,TV Show,Horror,Mystery,Mandarin,Japan,US,2015,7.3,20111,2,seasons,99,R,True
Outer Range 219,TV Show,Documentary,Horror,English,France,UK,2013,7.6,775170,10,seasons,58,R,False
The Man in the High Castle 374,TV Show,Horror,Romance,Mandarin,USA,DE,2017,7.5,852751,5,seasons,94,NC-17,True
Tales from the Loop 578,TV Show,Thriller,Horror,English,China,UK,2005,8.1,51725,5,seasons,100,PG,True
The Summer I Turned Pretty 251,Movie,Thriller,Horror,French,China,UK,2018,6.0,855649,66,minutes,0,NC-17,True
Tom Clancy's Without Remorse 729,TV Show,Horror,Romance,German,UK,UK,2018,5.1,905528,1,seasons,95,NC-17,False
The Grand Tour 28,TV Show,Documentary,Adventure,Mandarin,Australia,AU,2004,7.4,889184,7,seasons,82,G,True
Coming 2 America 782,Movie,Sci-Fi,Adventure,German,France,UK,2009,5.1,674473,175,minutes,0,PG-13,False
The Wheel of Time 729,TV Show,Romance,Adventure,Spanish,France,AU,2012,7.8,634114,10,seasons,36,R,False
Reacher 795,TV Show,Fantasy,Romance,French,Germany,AU,2001,7.1,835780,7,seasons,86,R,True
The Peripheral 736,Movie,Fantasy,Mystery,French,USA,UK,2002,8.4,319188,104,minutes,0,PG-13,False
Utopia 144,Movie,Comedy,Horror,German,UK,US,2003,6.1,974630,164,minutes,0,PG-13,True
Outer Range 450,Movie,Comedy,Mystery,Japanese,Australia,UK,2019,5.1,750670,157,minutes,0,NC-17,True
Jack Ryan 63,TV Show,Horror,Adventure,Hindi,India,AU,2013,7.0,456584,9,seasons,16,PG-13,True
The Tomorrow War 178,TV Show,Thriller,Mystery,Hindi,Japan,JP,2008,6.8,159967,2,seasons,80,NC-17,False
The Terminal List 716,Movie,Fantasy,Adventure,Spanish,USA,DE,2017,6.9,407852,108,minutes,0,R,True
The Wheel of Time 942,TV Show,Fantasy,Adventure,German,Australia,JP,2000,7.1,707744,6,seasons,58,G,True
Tom Clancy's Without Remorse 342,TV Show,Horror,Romance,English,Australia,AU,2012,8.4,309041,2,seasons,13,G,False
Jack Ryan 407,Movie,Romance,Adventure,Mandarin,France,US,2017,7.2,585179,86,minutes,0,NC-17,False
The Tomorrow War 264,TV Show,Sci-Fi,Mystery,Hindi,France,AU,2012,6.0,936625,8,seasons,75,PG,False
Without Remorse 311,TV Show,Drama,Romance,English,France,US,2014,7.3,264633,5,seasons,1,PG-13,False
Hanna 452,Movie,Sci-Fi,Adventure,French,Japan,JP,2021,5.7,352274,118,minutes,0,PG,True
Hunters 736,Movie,Sci-Fi,Horror,Hindi,Canada,DE,2009,7.2,809985,104,minutes,0,PG,True
The Marvelous Mrs. Maisel 806,TV Show,Fantasy,Horror,German,UK,JP,2022,5.1,323572,5,seasons,39,NC-17,True
Upload 506,TV Show,Fantasy,Adventure,Japanese,China,AU,2004,6.9,82840,1,seasons,11,G,False
The Underground Railroad 491,Movie,Comedy,Romance,German,Australia,UK,2003,6.1,96798,80,minutes,0,G,True
The Wilds 159,Movie,Horror,Adventure,German,Japan,US,2001,6.8,404161,122,minutes,0,G,True
Without Remorse 684,TV Show,Documentary,Horror,Japanese,India,AU,2019,5.6,629746,8,seasons,30,NC-17,False
The Expanse 710,Movie,Comedy,Romance,German,France,JP,2022,5.2,878525,150,minutes,0,PG,True
Carnival Row 568,Movie,Action,Horror,Japanese,Germany,JP,2004,7.1,270691,125,minutes,0,NC-17,False
The Tomorrow War 262,TV Show,Fantasy,Adventure,Spanish,India,AU,2000,5.8,500072,7,seasons,19,PG,False
Upload 204,Movie,Thriller,Romance,Japanese,USA,JP,2010,6.7,375822,158,minutes,0,NC-17,False
Jack Ryan 164,TV Show,Drama,Mystery,English,Canada,AU,2023,6.4,819494,8,seasons,37,PG-13,True
Hunters 356,Movie,Drama,Adventure,Hindi,UK,UK,2004,8.7,847140,175,minutes,0,PG-13,True
The Man in the High Castle 988,Movie,Romance,Horror,Hindi,Japan,AU,2011,6.0,155739,155,minutes,0,R,True
The Peripheral 788,Movie,Thriller,Romance,German,USA,US,2017,7.6,174210,93,minutes,0,G,False
The Wilds 927,TV Show,Comedy,Horror,Spanish,Japan,UK,2017,8.5,968458,1,seasons,89,R,True
A League of Their Own 988,TV Show,Horror,Adventure,Mandarin,France,UK,2013,7.7,727340,10,seasons,45,PG-13,False
The Summer I Turned Pretty 370,Movie,Fantasy,Mystery,Hindi,Canada,AU,2018,7.4,223255,180,minutes,0,PG,True
Reacher 96,Movie,Action,Adventure,Hindi,Japan,JP,2020,5.4,243543,93,minutes,0,NC-17,False
Outer Range 258,TV Show,Action,Mystery,Hindi,UK,US,2012,7.2,489798,1,seasons,52,PG-13,True
The Summer I Turned Pretty 950,Movie,Thriller,Romance,Japanese,France,UK,2001,7.9,339809,132,minutes,0,PG,True
Hunters 739,Movie,Action,Horror,Mandarin,Germany,US,2004,5.1,862205,176,minutes,0,PG-13,True
The Boys Presents: Diabolical 603,Movie,Documentary,Mystery,German,India,DE,2018,6.0,690085,103,minutes,0,R,False
Them 133,Movie,Sci-Fi,Mystery,Japanese,Germany,UK,2005,6.4,974581,166,minutes,0,PG,True
Bosch 612,TV Show,Action,Horror,French,USA,UK,2009,8.8,275606,3,seasons,90,NC-17,False
Tales from the Loop 133,Movie,Fantasy,Adventure,German,India,UK,2021,8.0,542176,171,minutes,0,NC-17,False
Utopia 127,TV Show,Comedy,Romance,Spanish,France,JP,2012,6.6,549581,6,seasons,76,G,False
The Legend of Vox Machina 70,TV Show,Drama,Horror,Japanese,Canada,UK,2016,6.9,813924,9,seasons,97,NC-17,False
Hunters 291,Movie,Fantasy,Adventure,Japanese,France,JP,2013,5.5,944102,77,minutes,0,NC-17,True
The Tomorrow War 852,TV Show,Romance,Romance,German,Japan,UK,2020,8.3,292263,9,seasons,90,R,True
The Wheel of Time 121,TV Show,Thriller,Horror,Spanish,China,JP,2022,6.3,762395,4,seasons,4,NC-17,False
Hunters 289,Movie,Romance,Horror,Japanese,Australia,US,2007,8.3,668089,86,minutes,0,R,False
Upload 431,TV Show,Action,Romance,English,France,UK,2007,6.7,180666,3,seasons,7,G,False
The Grand Tour 301,Movie,Sci-Fi,Romance,Hindi,Germany,US,2021,5.4,477689,157,minutes,0,NC-17,False
The Marvelous Mrs. Maisel 958,TV Show,Romance,Adventure,Hindi,UK,DE,2019,7.3,860141,8,seasons,67,PG,False
Good Omens 302,Movie,Drama,Adventure,Hindi,UK,JP,2014,6.8,154192,128,minutes,0,G,True
Jack Ryan 338,TV Show,Sci-Fi,Horror,Japanese,China,DE,2001,7.4,530258,2,seasons,86,PG-13,True
Invincible 891,Movie,Comedy,Mystery,Japanese,UK,UK,2021,7.6,470240,139,minutes,0,G,False
Reacher 356,TV Show,Action,Adventure,English,Germany,AU,2014,7.9,102683,3,seasons,83,G,False
The Peripheral 933,TV Show,Drama,Romance,French,USA,US,2015,6.0,919653,7,seasons,1,NC-17,False
The Grand Tour 536,Movie,Drama,Horror,French,Germany,JP,2003,5.3,143254,73,minutes,0,PG-13,True
The Marvelous Mrs. Maisel 105,Movie,Thriller,Romance,Spanish,India,UK,2007,6.1,134580,125,minutes,0,NC-17,False
The Lord of the Rings: The Rings of Power 210,Movie,Sci-Fi,Horror,Hindi,UK,UK,2002,8.8,58535,122,minutes,0,PG-13,False
The Man in the High Castle 636,Movie,Action,Mystery,Japanese,USA,DE,2020,5.5,950417,123,minutes,0,PG-13,False
The Terminal List 240,Movie,Action,Horror,Spanish,USA,DE,2012,7.8,475079,113,minutes,0,NC-17,True
Utopia 437,TV Show,Fantasy,Romance,Spanish,India,AU,2021,6.8,83290,10,seasons,16,R,False
The Lord of the Rings: The Rings of Power 739,Movie,Romance,Mystery,English,Japan,UK,2023,7.2,838765,83,minutes,0,G,False
The Tomorrow War 10,Movie,Action,Horror,Mandarin,USA,AU,2005,6.8,299246,76,minutes,0,PG,False
The Grand Tour 664,TV Show,Sci-Fi,Horror,English,India,DE,2006,8.9,540186,2,seasons,86,NC-17,True
Without Remorse 269,TV Show,Sci-Fi,Horror,Spanish,Germany,US,2011,5.7,972672,4,seasons,77,R,True
The Wheel of Time 938,TV Show,Romance,Romance,Mandarin,Germany,JP,2020,7.5,250947,9,seasons,85,NC-17,False
Good Omens 4,TV Show,Comedy,Mystery,German,UK,JP,2017,5.6,569169,2,seasons,50,NC-17,True
The Marvelous Mrs. Maisel 491,Movie,Comedy,Adventure,English,UK,AU,2003,6.9,382250,112,minutes,0,PG-13,False
Panic 22,Movie,Thriller,Horror,Mandarin,India,UK,2004,6.5,855382,96,minutes,0,G,False
Tales from the Loop 821,Movie,Drama,Romance,Spanish,Australia,AU,2013,7.2,789440,66,minutes,0,PG-13,True
Jack Ryan 251,Movie,Action,Horror,Hindi,UK,AU,2006,6.8,94366,153,minutes,0,NC-17,True
The Wilds 305,TV Show,Drama,Adventure,Hindi,Germany,AU,2003,6.4,621551,7,seasons,78,G,False
Good Omens 697,Movie,Action,Adventure,German,UK,US,2008,5.4,260865,136,minutes,0,NC-17,True
The Lord of the Rings: The Rings of Power 398,Movie,Action,Adventure,French,Japan,AU,2006,7.1,837425,173,minutes,0,PG,False
Them 973,Movie,Drama,Mystery,English,Germany,AU,2021,8.2,153466,112,minutes,0,G,True
The Boys Presents: Diabolical 425,Movie,Drama,Horror,Hindi,Australia,US,2002,6.8,770715,123,minutes,0,NC-17,False
The Grand Tour 227,TV Show,Action,Romance,Mandarin,Japan,UK,2017,5.4,377024,2,seasons,8,R,False
The Marvelous Mrs. Maisel 852,Movie,Documentary,Mystery,French,Canada,UK,2002,7.1,646086,144,minutes,0,R,True
The Lord of the Rings: The Rings of Power 161,Movie,Action,Romance,Spanish,China,JP,2007,7.7,433794,180,minutes,0,PG-13,True
